{
  "otsikko": {
    "lahettaja": {
      "jarjestelma": "Urakoitsijan järjestelmä",
      "organisaatio": {
        "nimi": "Urakoitsija",
        "ytunnus": "1234567-8"
      }
    },
    "viestintunniste": {
      "id": 123
    },
    "lahetysaika": "2016-01-30T12:00:00Z"
  },
  "poikkeamat": [
    {
      "poikkeama": {
        "tunniste": {
          "id": 123
        },
        "raportointi-aika": "2016-01-30T12:00:00Z",
        "laatija": {
          "id" : 74846,
          "etunimi": "Lauri ",
          "sukunimi": "Laatija"
        },
        "raporttinumero": 123456,
        "syy": "",
        "kuvaus": "Kello 15:00. Tie hiekoittamatta.",
        "kohde": {
          "sopimusId": 123456789,
          "tehtavaId": 123456789
        },
        "sijainti": {
          "tie": {
            "numero": 1234,
            "nimi": "Kiviharjunlenkki",
            "aosa": 1,
            "losa": 73,
            "aet": 100,
            "let": 20
          },
          "koordinaatit": {
            "x": 64.91292829999999,
            "y": 25.503484200000003
          }
        },
        "liitteet": [
          {
            "liite": {
              "nimi": "tie.png",
              "tyyppi": "image/png",
              "kuvaus": "Kuva tiestä",
              "sisalto": "... sisältö base64 enkoodattuna  ..."
            }
          }
        ]
      }
    }
  ]
}