{
  "otsikko": {
    "lahettaja": {
      "jarjestelma": "Urakoitsijan järjestelmä",
      "organisaatio": {
        "nimi": "Urakoitsija",
        "ytunnus": "1234567-8"
      }
    },
    "viestintunniste": {
      "id": 123
    },
    "lahetysaika": "2016-01-30T12:00:00Z"
  },
  "tunniste": {
    "id": 123
  },
  "paivamaara": "2015-02-02T15:01:00Z",
  "sijainti": {
    "tie": {
      "numero": 1,
      "aosa": 2,
      "aet": 3,
      "losa": 4,
      "let": 5
    }
  },
  "tarkastaja": {
    "id": 123,
    "etunimi": "Taneli",
    "sukunimi": "Tarkastaja"
  },
  "havainto": {
    "kuvaus": "Tie hiekoittamatta. Todella liukasta.",
    "liitteet": [
      {
        "liite": {
          "nimi": "tie.png",
          "tyyppi": "image/png",
          "kuvaus": "Kuva hiekoittamattomasta tiestä",
          "sisalto": "... sisältö base64 enkoodattuna  ..."
        }
      }
    ]
  },
  "mittaus": {
    "hoitoluokka": 1,
    "lumisuus": 15,
    "tasaisuus": 5,
    "kitka": 3.2,
    "lampotila": -10
  }
}