{
  "otsikko": {
    "lahettaja": {
      "jarjestelma": "Urakoitsijan järjestelmä",
      "organisaatio": {
        "nimi": "Urakoitsija",
        "ytunnus": "1234567-8"
      }
    },
    "viestintunniste": {
      "id": 123
    },
    "lahetysaika": "2016-01-30T12:00:00Z"
  },
  "tunniste": {
    "id": 123
  },
  "paivamaara": "2015-07-06T15:01:00Z",
  "sijainti": {
    "tie": {
      "numero": 1,
      "aosa": 2,
      "aet": 3,
      "losa": 4,
      "let": 5
    }
  },
  "tarkastaja": {
    "id": 123,
    "etunimi": "Taneli",
    "sukunimi": "Tarkastaja"
  },
  "havainto": {
    "kirjaaja": "Tarja Tarkastaja",
    "kuvaus": "Reikä tiessä",
    "korjattavaa": true,
    "liitteet": [
      {
        "liite": {
          "nimi": "reikatiessa.png",
          "tyyppi": "image/png",
          "kuvaus": "Kuva reijästä tiessä",
          "sisalto": "... sisältö base64 enkoodattuna  ..."
        }
      }
    ]
  }
}