{
  "toteutuneet-kustannukset": {
    "urakka": 3,
    "urakkatunnus": "PR0001234",
    "kulut": [
      {
        "kulu-id": 1234,
        "laskun-tunniste": "2024A0001",
        "kulun-kuvaus": "Ylimääräinen suolausreitti: Keskikylän risteys.",
        "poistettu": false,
        "kulun-ajankohta": {
          "koontilaskun-vuosi": 2024,
          "koontilaskun-kuukausi": 1,
          "laskun-paivamaara": "2024-01-15"
        },
        "kulun-kokonaissumma": 1000.12,
        "kulukohdistukset": [
          {
            "kulukohdistus-id": 9327,
            "rivinumero": 1,
            "tyyppi": "lisatyo",
            "lisatieto": "Keskikylän risteys, työ",
            "summa": 300.12,
            "kohdistus": {
              "toimenpide": 144,
              "tehtavaryhma": 1,
              "rahavaraus": 14
            }
          },
          {
            "kulukohdistus-id": 9328,
            "rivinumero": 2,
            "tyyppi": "lisatyo",
            "lisatieto": "Keskikylän risteys, suola",
            "summa": 700.00,
            "kohdistus": {
              "toimenpide": 144,
              "tehtavaryhma": 2,
              "rahavaraus": 14
            }
          }
        ]
      }
    ]
  }
}
