{
  "tehtavat": [
    {
      "id": 1,
      "nimi": "Tehtävän nimi",
      "emo": 1,
      "hinnoittelu": [
        "kokonaishintainen"
      ],
      "jarjestys": 1,
      "yksikko": "kpl",
      "luotu": "2024-08-23T01:48:11Z",
      "tehtavaryhma": 1,
      "poistettu": false,
      "toimenpidekoodi": "23116",
      "kasin_lisattava_maara": false,
      "aluetieto": false,
      "raportoi-tehtava?": true,
      "ensisijainen": true,
      "voimassaolo_alkuvuosi": 2024
    }
  ],
  "tehtavaryhmat": [
    {
      "id": 1,
      "nimi": "Tehtäväryhmän nimi",
      "otsikko": "1.0 Tehtäväryhmän otsikko",
      "jarjestys": 1,
      "toimenpidekoodi": "23104",
      "luotu": "2024-08-23T01:48:10Z",
      "poistettu": false
    }
  ]
}
