{
  "$schema": "http://json-schema.org/draft-03/schema#",
  "id": "urn:harja",
  "type": "object",
  "additionalProperties": false,
  "properties": {
    "otsikko": {
      "id": "urn:harja/otsikko",
      "type": "object",
      "additionalProperties": false,
      "$ref": "file:resources/api/schemas/entities/otsikko.schema.json",
      "required": true
    },
    "kuittaus": {
      "id": "urn:harja/kuittaus",
      "type": "object",
      "additionalProperties": false,
      "properties": {
        "ilmoitusId": {
          "id": "urn:harja/kuittaus/ilmoitusId",
          "type": "string",
          "required": true
        },
        "kuitattu": {
          "id": "urn:harja/kuittaus/kuitattu",
          "type": "string",
          "format": "date-time",
          "required": true
        },
        "kuittaustyyppi": {
          "id": "urn:harja/kuittaus/kuittaustyyppi",
          "required": true,
          "enum": [
            "vastaanotto",
            "aloitus",
            "muutos",
            "lopetus",
            "vastaus"
          ]
        },
        "kuittaaja": {
          "id": "urn:harja/kuittaus/kuittaaja",
          "type": "object",
          "required": true,
          "additionalProperties": false,
          "properties": {
            "henkilo": {
              "id": "urn:harja/kuittaus/kuittaaja/henkilo",
              "type": "object",
              "additionalProperties": false,
              "$ref": "file:resources/api/schemas/entities/henkilo.schema.json",
              "required": true
            },
            "organisaatio": {
              "id": "urn:harja/kuittaus/kuittaaja/organisaatio",
              "type": "object",
              "additionalProperties": false,
              "$ref": "file:resources/api/schemas/entities/organisaatio.schema.json",
              "required": true
            }
          }
        },
        "kasittelija": {
          "id": "urn:harja/kuittaus/kasittelija",
          "type": "object",
          "required": true,
          "additionalProperties": false,
          "properties": {
            "henkilo": {
              "id": "urn:harja/kuittaus/kasittelija/henkilo",
              "type": "object",
              "additionalProperties": false,
              "$ref": "file:resources/api/schemas/entities/henkilo.schema.json",
              "required": true
            },
            "organisaatio": {
              "id": "urn:harja/kuittaus/kasittelija/organisaatio",
              "type": "object",
              "additionalProperties": false,
              "$ref": "file:resources/api/schemas/entities/organisaatio.schema.json",
              "required": true
            }
          }
        },
        "vapaateksti": {
          "id": "urn:harja/kuittaus/vapaateksti",
          "type": "string"
        }
      }
    }
  }
}
