{
  "$schema": "http://json-schema.org/draft-03/schema#",
  "id": "urn:harja",
  "type": "object",
  "additionalProperties": false,
  "properties": {
    "ilmoitukset": {
      "id": "urn:harja/ilmoitukset",
      "type": "array",
      "items": {
        "id": "urn:harja/ilmoitukset/0",
        "type": "object",
        "additionalProperties": false,
        "properties": {
          "ilmoitus": {
            "id": "urn:harja/ilmoitukset/0/ilmoitus",
            "type": "object",
            "additionalProperties": false,
            "properties": {
              "ilmoitusId": {
                "id": "urn:harja/ilmoitukset/0/ilmoitus/ilmoitusId",
                "type": "string",
                "required": true
              },
              "ilmoitettu": {
                "id": "urn:harja/ilmoitukset/0/ilmoitus/ilmoitettu",
                "type": "string",
                "required": true
              },
              "ilmoitustyyppi": {
                "id": "urn:harja/ilmoitukset/0/ilmoitus/ilmoitustyyppi",
                "required": true,
                "enum": [
                  "tiedoitus",
                  "toimenpidepyynto",
                  "kysely"
                ]
              },
              "yhteydenottopyynto": {
                "id": "urn:harja/ilmoitukset/0/ilmoitus/yhteydenottopyynto",
                "type": "string",
                "required": true
              },
              "ilmoittaja": {
                "id": "urn:harja/ilmoitukset/0/ilmoitus/ilmoittaja",
                "type": "object",
                "additionalProperties": false,
                "$ref": "file:resources/api/schemas/entities/henkilo.schema.json",
                "required": true
              },
              "lahettaja": {
                "id": "urn:harja/ilmoitukset/0/ilmoitus/lahettaja",
                "type": "object",
                "additionalProperties": false,
                "$ref": "file:resources/api/schemas/entities/henkilo.schema.json",
                "required": true
              },
              "seliteet": {
                "id": "urn:harja/ilmoitukset/0/ilmoitus/seliteet",
                "type": "object",
                "additionalProperties": false,
                "required": true,
                "properties": {
                  "selite": {
                    "id": "urn:harja/ilmoitukset/0/ilmoitus/seliteet/selite",
                    "type": "array",
                    "items": [
                      {
                        "id": "urn:harja/ilmoitukset/0/ilmoitus/seliteet/selite/0",
                        "type": "object",
                        "additionalProperties": false,
                        "properties": {
                          "koodi": {
                            "id": "urn:harja/ilmoitukset/0/ilmoitus/seliteet/selite/0/koodi",
                            "type": "string"
                          }
                        }
                      }
                    ]
                  }
                }
              },
              "sijainti": {
                "id": "urn:harja/ilmoitukset/0/sijainti",
                "type": "object",
                "additionalProperties": false,
                "$ref": "file:resources/api/schemas/entities/sijainti.schema.json",
                "required": true
              },
              "vapaateksti": {
                "id": "urn:harja/ilmoitukset/0/ilmoitus/vapaateksti",
                "type": "string"
              }
            }
          }
        }
      }
    }
  }
}
