{
  "$schema": "http://json-schema.org/draft-03/schema#",
  "id": "urn:harja",
  "type": "object",
  "properties": {
    "virheet": {
      "id": "urn:harja/virheet",
      "type": "string"
    },
    "varoitukset": {
      "id": "urn:harja/varoitukset",
      "type": "string"
    },
    "tiedotukset": {
      "id": "urn:harja/tiedotukset",
      "type": "string"
    },
    "huomiot": {
      "id": "urn:harja/huomiot",
      "type": "array",
      "items": {
        "id": "urn:harja/huomiot/0",
        "type": "object",
        "additionalProperties": false,
        "properties": {
          "tunniste": {
            "id": "urn:harja/tunniste",
            "type": "object",
            "additionalProperties": false,
            "$ref": "file:resources/api/schemas/entities/tunniste.schema.json"
          },
          "varoitukset": {
            "id": "urn:harja/huomiot/0/varoitukset",
            "type": "array",
            "items": {
              "id": "urn:harja/huomiot/0/varoitukset/0",
              "type": "object",
              "additionalProperties": false,
              "properties": {
                "varoitus": {
                  "id": "urn:harja/huomiot/0/varoitukset/0/varoitus",
                  "type": "string"
                }
              }
            }
          },
          "virheet": {
            "id": "urn:harja/huomiot/0/virheet",
            "type": "array",
            "items": {
              "id": "urn:harja/huomiot/0/virheet/0",
              "type": "object",
              "additionalProperties": false,
              "properties": {
                "virhe": {
                  "id": "urn:harja/huomiot/0/virheet/0/virhe",
                  "type": "string"
                }
              }
            }
          },
          "tiedotukset": {
            "id": "urn:harja/huomiot/0/tiedotukset",
            "type": "array",
            "items": {
              "id": "urn:harja/huomiot/0/tiedotukset/0",
              "type": "object",
              "properties": {
                "tiedotus": {
                  "id": "urn:harja/huomiot/0/tiedotukset/0/tiedotus",
                  "type": "string"
                }
              }
            }
          }
        }
      }
    }
  }
}