{
  "$schema": "http://json-schema.org/draft-03/schema#",
  "id": "urn:harja",
  "type": "object",
  "additionalProperties": false,
  "properties": {
    "urakat": {
      "id": "urn:harja/urakat",
      "type": "array",
      "items": {
        "id": "urn:harja/urakat/0",
        "type": "object",
        "additionalProperties": false,
        "properties": {
          "urakka": {
            "id": "urn:harja/urakat/0/urakka",
            "type": "object",
            "required": true,
            "properties": {
              "tiedot": {
                "id": "urn:harja/urakat/0/urakka/tiedot",
                "type": "object",
                "additionalProperties": false,
                "$ref": "file:resources/api/schemas/entities/urakka-otsikko.schema.json",
                "required": true
              }
            }
          },
          "paivystykset": {
            "id": "urn:harja/urakat/0/urakka/paivystykset",
            "type": "array",
            "items": {
              "id": "urn:harja/urakat/0/urakka/paivystykset/0",
              "type": "object",
              "additionalProperties": false,
              "properties": {
                "paivystys": {
                  "$ref": "file:resources/api/schemas/entities/paivystys.schema.json",
                  "required": true
                }
              }
            }
          }
        }
      }
    }
  }
}