{
  "$schema": "http://json-schema.org/draft-03/schema#",
  "id": "urn:harja",
  "type": "object",
  "additionalProperties": false,
  "properties": {
    "otsikko": {
      "id": "urn:harja/tiestotarkastuskirjaus",
      "type": "object",
      "additionalProperties": false,
      "$ref": "file:resources/api/schemas/entities/otsikko.schema.json",
      "required": true
    },
    "paivystykset": {
      "id": "urn:harja/paivystykset",
      "type": "array",
      "required": true,
      "items": {
        "id": "urn:harja/paivystykset/0",
        "type": "object",
        "additionalProperties": false,
        "properties": {
          "paivystys": {
            "id": "urn:harja/paivystykset/0/paivystys",
            "type": "object",
            "additionalProperties": false,
            "$ref": "file:resources/api/schemas/entities/paivystys.schema.json",
            "required": true
          }
        }
      }
    }
  }
}