{
  "$schema": "http://json-schema.org/draft-03/schema#",
  "id": "urn:harja",
  "type": "object",
  "additionalProperties": false,
  "properties": {
    "otsikko": {
      "id": "urn:harja/tiestotarkastuskirjaus",
      "type": "object",
      "additionalProperties": false,
      "$ref": "file:resources/api/schemas/entities/otsikko.schema.json",
      "required": true
    },
    "pistetoteuma": {
      "id": "urn:harja/pistetoteuma",
      "type": "object",
      "additionalProperties": false,
      "required":true,
      "properties": {
        "toteuma": {
          "id": "urn:harja/pistetoteuma/toteuma",
          "type": "object",
          "additionalProperties": false,
          "required": true,
          "$ref": "file:resources/api/schemas/entities/toteuma.schema.json"
        },
        "sijainti": {
          "id": "urn:harja/pistetoteuma/sijainti",
          "type": "object",
          "additionalProperties": false,
          "required": true,
          "$ref": "file:resources/api/schemas/entities/sijainti.schema.json"
        },
        "liitteet": {
          "id": "urn:harja/pistetoteuma/liitteet",
          "type": "object",
          "additionalProperties": false,
          "$ref": "file:resources/api/schemas/entities/liitteet.schema.json"
        }
      }
    }
  }
}
