{
  "$schema": "http://json-schema.org/draft-03/schema#",
  "id": "urn:harja",
  "type": "object",
  "additionalProperties": false,
  "properties": {
    "otsikko": {
      "id": "urn:harja/otsikko",
      "type": "object",
      "additionalProperties": false,
      "$ref": "file:resources/api/schemas/entities/otsikko.schema.json",
      "required": true
    },
    "reittitoteuma": {
      "id": "urn:harja/reittitoteuma",
      "type": "object",
      "additionalProperties": false,
      "required":true,
      "properties": {
        "toteuma": {
          "id": "urn:harja/reittitoteuma/toteuma",
          "type": "object",
          "additionalProperties": false,
          "required": true,
          "$ref": "file:resources/api/schemas/entities/toteuma.schema.json"
        },
        "reitti": {
          "id": "urn:harja/reittitoteuma/reitti",
          "type": "object",
          "additionalProperties": false,
          "required": true,
          "$ref": "file:resources/api/schemas/entities/reitti.schema.json"
        },
        "liitteet": {
          "id": "urn:harja/reittitoteuma/liitteet",
          "type": "object",
          "additionalProperties": false,
          "$ref": "file:resources/api/schemas/entities/liitteet.schema.json"
        }
      }
    }
  }
}
