{
  "$schema": "http://json-schema.org/draft-03/schema#",
  "id": "urn:harja",
  "type": "object",
  "additionalProperties": false,
  "properties": {
    "tieluvat": {
      "id": "urn:harja/tieluvat",
      "type": "array",
      "items": {
        "id": "urn:harja/tieluvat/0",
        "type": "object",
        "additionalProperties": false,
        "properties": {
          "tielupa": {
            "id": "urn:harja/tieluvat/0/tielupa",
            "type": "object",
            "additionalProperties": false,
            "properties": {
              "diaarinumero": {
                "id": "urn:harja/tieluvat/0/tielupa/diaarinumero",
                "type": "integer",
                "required": true
              },
              "tyyppi": {
                "id": "urn:harja/tieluvat/0/tielupa/tyyppi",
                "enum": [
                  "kaapelien-johtojen-ja-putkien-sijoituslupa",
                  "opasteet-ja-mainoslupa",
                  "liittymälupa",
                  "tiealueella-tyoskentely-lupa",
                  "ajoneuvosiirtolupa",
                  "vahingonkorvaukset"
                ],
                "required": true
              },
              "otsikko": {
                "id": "urn:harja/tieluvat/0/tielupa/otsikko",
                "type": "string"
              },
              "myonnetty": {
                "id": "urn:harja/tieluvat/0/tielupa/myonnetty",
                "type": "string",
                "format": "date-time"
              },
              "voimassa": {
                "id": "urn:harja/tieluvat/0/tielupa/voimassa",
                "type": "object",
                "additionalProperties": false,
                "required": true,
                "properties": {
                  "alkaen": {
                    "id": "urn:harja/tieluvat/0/tielupa/voimassa/alkaen",
                    "type": "string",
                    "format": "date-time"
                  },
                  "paattyen": {
                    "id": "urn:harja/tieluvat/0/tielupa/voimassa/paattyen",
                    "type": "string",
                    "format": "date-time"
                  }
                }
              },
              "sijainti": {
                "id": "urn:harja/sijainti",
                "type": "object",
                "additionalProperties": false,
                "$ref": "file:resources/api/schemas/entities/sijainti.schema.json",
                "required": true
              }
            }
          }
        }
      }
    }
  }
}