{
  "$schema": "http://json-schema.org/draft-03/schema#",
  "id": "urn:harja",
  "type": "object",
  "additionalProperties": false,
  "properties": {
    "otsikko": {
      "id": "urn:harja/tiestotarkastuskirjaus",
      "type": "object",
      "additionalProperties": false,
      "$ref": "file:resources/api/schemas/entities/otsikko.schema.json",
      "required": true
    },
    "tunniste": {
      "id": "urn:harja/tunniste",
      "type": "object",
      "additionalProperties": false,
      "$ref": "file:resources/api/schemas/entities/tunniste.schema.json",
      "required": true
    },
    "viimeksipaivitetty": {
      "id": "urn:harja/viimeksipaivitetty",
      "type": "string"
    },
    "toteuttaja": {
      "id": "urn:harja/toteuttaja",
      "type": "string"
    },
    "tilaaja": {
      "id": "urn:harja/tilaaja",
      "type": "string"
    },
    "turvallisuuskoordinaattori": {
      "id": "urn:harja/turvallisuuskoordinaattori",
      "type": "object",
      "additionalProperties": false,
      "$ref": "file:resources/api/schemas/entities/henkilo.schema.json"
    },
    "laatija": {
      "id": "urn:harja/laatija",
      "type": "object",
      "additionalProperties": false,
      "$ref": "file:resources/api/schemas/entities/henkilo.schema.json"
    },
    "turvallisuuspoikkeamat": {
      "id": "urn:harja/turvallisuuspoikkeamat",
      "type": "array",
      "items": {
        "id": "urn:harja/turvallisuuspoikkeamat/0",
        "type": "object",
        "additionalProperties": false,
        "properties": {
          "tunniste": {
            "id": "urn:harja/tunniste",
            "type": "object",
            "additionalProperties": false,
            "$ref": "file:resources/api/schemas/entities/tunniste.schema.json",
            "required": true
          },
          "kohde": {
            "id": "urn:harja/toteumat/0/kohde",
            "type": "object",
            "additionalProperties": false,
            "$ref": "file:resources/api/schemas/entities/kohde.schema.json",
            "required": true
          },
          "sijainti": {
            "id": "urn:harja/toteumat/0/sijainti",
            "type": "object",
            "additionalProperties": false,
            "$ref": "file:resources/api/schemas/entities/sijainti.schema.json",
            "required": true
          },
          "vaylamuoto": {
            "id": "urn:harja/turvallisuuspoikkeamat/0/vaylamuoto",
            "type": "string",
            "required": true
          },
          "luokittelu": {
            "id": "urn:harja/turvallisuuspoikkeamat/0/luokittelu",
            "type": "string"
          },
          "ilmoittaja": {
            "id": "urn:harja/turvallisuuspoikkeamat/0/ilmoittaja",
            "type": "object",
            "additionalProperties": false,
            "$ref": "file:resources/api/schemas/entities/henkilo.schema.json"
          },
          "tapahtumapaivamaara": {
            "id": "urn:harja/turvallisuuspoikkeamat/0/tapahtumapaivamaara",
            "type": "string",
            "format": "date-time",
            "required": true
          },
          "paattyny": {
            "id": "urn:harja/turvallisuuspoikkeamat/0/paattyny",
            "type": "string",
            "format": "date-time"
          },
          "kasitelty": {
            "id": "urn:harja/turvallisuuspoikkeamat/0/kasitelty",
            "type": "string",
            "format": "date-time"
          },
          "tyontekijanammatti": {
            "id": "urn:harja/turvallisuuspoikkeamat/0/tyontekijanammatti",
            "type": "string"
          },
          "tyotehtava": {
            "id": "urn:harja/turvallisuuspoikkeamat/0/tyotehtava",
            "type": "string"
          },
          "kuvaus": {
            "id": "urn:harja/turvallisuuspoikkeamat/0/kuvaus",
            "type": "string"
          },
          "aiheutuneetVammat": {
            "id": "urn:harja/turvallisuuspoikkeamat/0/aiheutuneetVammat",
            "type": "string"
          },
          "sairauspoissaolopaivat": {
            "id": "urn:harja/turvallisuuspoikkeamat/0/sairauspoissaolopaivat",
            "type": "integer"
          },
          "sairaalahoitovuorokaudet": {
            "id": "urn:harja/turvallisuuspoikkeamat/0/sairaalahoitovuorokaudet",
            "type": "integer"
          },
          "korjaavatToimenpiteet": {
            "id": "urn:harja/turvallisuuspoikkeamat/0/korjaavatToimenpiteet",
            "type": "array",
            "items": {
              "id": "urn:harja/turvallisuuspoikkeamat/0/korjaavatToimenpiteet/0",
              "type": "object",
              "additionalProperties": false,
              "properties": {
                "kuvaus": {
                  "id": "urn:harja/turvallisuuspoikkeamat/0/korjaavatToimenpiteet/0/kuvaus",
                  "type": "string"
                },
                "suoritettu": {
                  "id": "urn:harja/turvallisuuspoikkeamat/0/korjaavatToimenpiteet/0/suoritettu",
                  "type": "string",
                  "format": "date-time"
                },
                "vastaavahenkilo": {
                  "id": "urn:harja/turvallisuuspoikkeamat/0/korjaavatToimenpiteet/0/vastaavahenkilo",
                  "type": "object",
                  "additionalProperties": false,
                  "$ref": "file:resources/api/schemas/entities/henkilo.schema.json"
                }
              }
            }
          },
          "liitteet": {
            "id": "urn:harja/toteumat/0/liitteet",
            "type": "object",
            "additionalProperties": false,
            "$ref": "file:resources/api/schemas/entities/liitteet.schema.json"
          }
        }
      }
    }
  }
}