{
  "$schema": "http://json-schema.org/draft-03/schema#",
  "id": "urn:harja",
  "type": "object",
  "additionalProperties": false,
  "properties": {
    "otsikko": {
      "id": "urn:harja/otsikko",
      "type": "object",
      "additionalProperties": false,
      "$ref": "file:resources/api/schemas/entities/otsikko.schema.json",
      "required": true
    },
    "havainnot": {
      "id": "urn:harja/havainnot",
      "type": "array",
      "required": true,
      "items": {
        "id": "http://example.com/item-schema",
        "type": "object",
        "additionalProperties": false,
        "properties": {
          "havainto": {
            "id": "urn:harja/havainnot/0",
            "type": "object",
            "required": true,
            "properties": {
              "tyokone": {
                "id": "urn:harja/havainnot/0/tyokone",
                "type": "object",
                "additionalProperties": false,
                "required": true,
                "properties": {
                  "id": {
                    "id": "urn:harja/havainnot/0/tyokone/id",
                    "type": "integer",
                    "required": true
                  },
                  "tyyppi": {
                    "id": "urn:harja/havainnot/0/tyokone/tyyppi",
                    "type": "string",
                    "required": true
                  }
                }
              },
              "sijainti": {
                "id": "urn:harja/havainnot/0/sijainti",
                "type": "object",
                "additionalProperties": false,
                "$ref": "file:resources/api/schemas/entities/sijainti.schema.json",
                "required": true
              },
              "havaintoaika": {
                "id": "urn:harja/havainnot/0/havaintoaika",
                "type": "string",
                "format": "date-time",
                "required": true
              },
              "urakkaid": {
                "id": "urn:harja/havainnot/0/urakkaid",
                "type": "integer"
              },
              "sopimusid": {
                "id": "urn:harja/havainnot/0/sopimusid",
                "type": "integer"
              },
              "suoritetavaTehtavat": {
                "id": "urn:harja/havainnot/0/tyokonetehtava",
                "type": "array",
                "items": {
                  "enum": [
                    "auraus ja sohjonpoisto",
                    "suolaus",
                    "pistehiekoitus",
                    "linjahiekoitus",
                    "pinnan tasaus",
                    "liikennemerkkien puhdistus",
                    "lumivallien madaltaminen",
                    "sulamisveden haittojen torjunta",
                    "tiestotarkastus",
                    "kelintarkastus",
                    "harjaus",
                    "koneellinen niitto",
                    "koneellinen vesakonraivaus",
                    "sorateiden muokkaushoylays",
                    "sorateiden polynsidonta",
                    "sorateiden tasaus",
                    "sorastus",
                    "paallysteiden paikkaus",
                    "paallysteiden juotostyot",
                    "siltojen puhdistus",
                    "l- ja p-alueiden puhdistus",
                    "muu"
                  ]
                }
              }
            }
          }
        }
      }
    }
  }
}