{
  "$schema": "http://json-schema.org/draft-03/schema#",
  "id": "urn:harja",
  "type": "object",
  "additionalProperties": false,
  "properties": {
    "otsikko": {
      "id": "urn:harja/otsikko",
      "type": "object",
      "additionalProperties": false,
      "$ref": "file:resources/api/schemas/entities/otsikko.schema.json",
      "required": true
    },
    "lisaaja": {
      "id": "urn:harja/lisaaVaruste/lisaaja",
      "type": "object",
      "$ref": "file:resources/api/schemas/entities/suorittaja.schema.json",
      "required": true
    },
    "varuste": {
      "id": "urn:harja/varuste",
      "type": "object",
      "additionalProperties": false,
      "$ref": "file:resources/api/schemas/entities/varuste.schema.json",
      "required": true
    }
  }
}