{
  "$schema": "http://json-schema.org/draft-03/schema#",
  "id": "urn:harja",
  "type": "object",
  "additionalProperties": false,
  "properties": {
    "otsikko": {
      "id": "urn:harja/tiestotarkastuskirjaus",
      "type": "object",
      "additionalProperties": false,
      "$ref": "file:resources/api/schemas/entities/otsikko.schema.json",
      "required": true
    },
    "varustetoteuma": {
      "id": "urn:harja/varustetoteuma",
      "type": "object",
      "additionalProperties": false,
      "required":true,
      "properties": {
        "toteuma": {
          "id": "urn:harja/varustetoteuma/toteuma",
          "type": "object",
          "additionalProperties": false,
          "required": true,
          "$ref": "file:resources/api/schemas/entities/reitti.schema.json"
        },
        "varustekirjaukset": {
          "id": "urn:harja/varustetoteuma/varuste-kirjaukset",
          "type": "array",
          "items": {
            "id": "urn:harja/toteumat/0/toteuma/varuste-kirjaukset/0",
            "type": "object",
            "additionalProperties": false,
            "properties": {
              "varustekirjaus": {
                "id": "urn:harja/varustetoteuma/varuste-kirjaukset/0/varustekirjaus",
                "type": "object",
                "additionalProperties": false,
                "$ref": "file:resources/api/schemas/entities/varuste-kirjaus.schema.json"
              }
            }
          }
        },
        "liitteet": {
          "id": "urn:harja/varustetoteuma/liitteet",
          "type": "object",
          "additionalProperties": false,
          "$ref": "file:resources/api/schemas/entities/liitteet.schema.json"
        }
      }
    }
  }
}