{
  "$schema": "http://json-schema.org/draft-03/schema#",
  "id": "urn:harja",
  "type": "object",
  "properties": {
    "virheet": {
      "id": "urn:harja/virheet",
      "type": "array",
      "items": {
        "id": "urn:harja/virheet/0",
        "type": "object",
        "additionalProperties": false,
        "properties": {
          "virhe": {
            "id": "urn:harja/virheet/0/virhe",
            "type": "object",
            "additionalProperties": false,
            "properties": {
              "koodi": {
                "id": "urn:harja/virheet/0/virhe/koodi",
                "type": "string"
              },
              "viesti": {
                "id": "urn:harja/virheet/0/virhe/viesti",
                "type": "string"
              }
            }
          }
        }
      }
    }
  }
}