{
  "$schema": "http://json-schema.org/draft-03/schema#",
  "id": "urn:harja",
  "type": "object",
  "additionalProperties": false,
  "properties": {
    "tiemerkinta-takaraja": {
      "id": "urn:harja/urakka/sopimukset/0/sopimus/aikataulu-tiemerkinta-takaraja",
      "type": "string",
      "format": "date-time"
    },
    "tiemerkinta-aloitettu": {
      "id": "urn:harja/urakka/sopimukset/0/sopimus/tiemerkinta-aloitettu",
      "type": "string",
      "format": "date-time"
    },
    "tiemerkinta-valmis": {
      "id": "urn:harja/urakka/sopimukset/0/sopimus/tiemerkinta-valmis",
      "type": "string",
      "format": "date-time"
    }
  }
}