{
  "$schema": "http://json-schema.org/draft-03/schema#",
  "id": "urn:harja",
  "type": "object",
  "additionalProperties": false,
  "properties": {
    "poistaja": {
      "id": "urn:harja/lisaaVaruste/lisaaja",
      "type": "object",
      "additionalProperties": false,
      "$ref": "file:resources/api/schemas/entities/suorittaja.schema.json",
      "required": true
    },
    "poistettu": {
      "id": "urn:harja/poistettu",
      "type": "string",
      "format": "date-time",
      "additionalProperties": false,
      "required": true
    },
    "tunniste": {
      "id": "urn:harja/tunniste",
      "$ref": "file:resources/api/schemas/entities/tietueen-tunniste.schema.json",
      "additionalProperties": false,
      "required": true
    },
    "tietolajitunniste": {
      "id": "urn:harja/tietolajitunniste",
      "$ref": "file:resources/api/schemas/entities/tietolajin-tunniste.schema.json",
      "additionalProperties": false,
      "required": true
    }
  }
}