{
  "$schema": "http://json-schema.org/draft-03/schema#",
  "id": "urn:harja",
  "type": "object",
  "properties": {
    "tunniste": {
      "id": "urn:harja/yllapitokohde/tunniste",
      "type": "object",
      "additionalProperties": false,
      "$ref": "file:resources/api/schemas/entities/tunniste.schema.json",
      "required": true
    },
    "sopimus": {
      "id": "urn:harja/yllapitokohde/sopimus",
      "type": "object",
      "additionalProperties": false,
      "$ref": "file:resources/api/schemas/entities/tunniste.schema.json",
      "required": false
    },
    "kohdenumero": {
      "id": "urn:harja/yllapitokohde/kohdenumero",
      "required": false,
      "type": "string",
      "maxLength": 16
    },
    "nimi": {
      "id": "urn:harja/yllapitokohde/nimi",
      "required": false,
      "type": "string",
      "maxLength": 128
    },
    "tyyppi": {
      "id": "urn:harja/yllapitokohde/tyyppi",
      "required": false,
      "enum": [
        "paallyste",
        "sora",
        "kevytliikenne"
      ]
    },
    "tyotyyppi": {
      "id": "urn:harja/yllapitokohde/tyotyyppi",
      "required": true,
      "enum": [
        "paikkaus",
        "paallystys"
      ]
    },
    "sijainti": {
      "id": "urn:harja/yllapitokohde/tiesijainti",
      "type": "object",
      "additionalProperties": false,
      "$ref": "file:resources/api/schemas/entities/tiesijainti.schema.json"
    },
    "yllapitoluokka": {
      "id": "urn:harja/tarkastus/yllapitoluokka",
      "required": false,
      "type": "integer"
    },
    "keskimaarainen-vuorokausiliikenne": {
      "id": "urn:harja/tarkastus/keskimaarainen-vuorokausiliikenne",
      "required": false,
      "type": "integer"
    },
    "nykyinen-paallyste": {
      "type": "object",
      "id": "urn:harja/yllapitokohde/nykyinen-paallyste",
      "additionalProperties": false,
      "$ref": "file:resources/api/schemas/entities/paallyste.schema.json"
    },
    "alikohteet": {
      "id": "urn:harja/yllapitokohde/alikohteet",
      "type": "array",
      "maxItems": 500,
      "items": {
        "id": "urn:harja/yllapitokohde/alikohteet/0/alikohde",
        "type": "object",
        "additionalProperties": false,
        "properties": {
          "alikohde": {
            "id": "urn:harja/urakka/yllapitokohteet/0/yllapitokohde",
            "type": "object",
            "additionalProperties": false,
            "$ref": "file:resources/api/schemas/entities/yllapitoalikohde.schema.json",
            "required": true
          }
        }
      }
    },
    "aikataulu": {
      "type": "object",
      "id": "urn:harja/yllapitokohde/aikataulu",
      "additionalProperties": false,
      "$ref": "file:resources/api/schemas/entities/aikataulu.schema.json"
    }
  }
}
