{
  "$schema": "http://json-schema.org/draft-03/schema#",
  "id": "urn:harja",
  "type": "object",
  "properties": {
    "tunniste": {
      "id": "urn:harja/yllapitokohde/tunniste",
      "type": "object",
      "additionalProperties": false,
      "$ref": "file:resources/api/schemas/entities/tunniste.schema.json",
      "required": true
    },
    "tunnus": {
      "id": "urn:harja/yllapitokohde/tunnus",
      "required": false,
      "type": "string",
      "maxLength": 1
    },
    "nimi": {
      "id": "urn:harja/yllapitokohde/nimi",
      "required": false,
      "type": "string",
      "maxLength": 128
    },
    "sijainti": {
      "id": "urn:harja/yllapitokohde/tiesijainti",
      "type": "object",
      "additionalProperties": false,
      "$ref": "file:resources/api/schemas/entities/tiesijainti.schema.json"
    } ,
    "toimenpide": {
      "id": "urn:harja/yllapitokohde/nimi",
      "required": false,
      "type": "string",
      "maxLength": 128
    }
  }
}
