{
  "$schema": "http://json-schema.org/draft-03/schema#",
  "id": "urn:harja",
  "type": "object",
  "additionalProperties": false,
  "properties": {
    "otsikko": {
      "id": "urn:harja/otsikko",
      "type": "object",
      "additionalProperties": false,
      "$ref": "file:resources/api/schemas/entities/otsikko.schema.json",
      "required": true
    },
    "tunniste": {
      "id": "urn:harja/tunniste",
      "type": "object",
      "additionalProperties": false,
      "$ref": "file:resources/api/schemas/entities/tunniste.schema.json",
      "required": true
    },
    "alkusijainti": {
      "id": "urn:harja/alkusijainti",
      "type": "object",
      "additionalProperties": false,
      "$ref": "file:resources/api/schemas/entities/koordinaattisijainti.schema.json",
      "required": true
    },
    "loppusijainti": {
      "id": "urn:harja/loppusijainti",
      "type": "object",
      "additionalProperties": false,
      "$ref": "file:resources/api/schemas/entities/koordinaattisijainti.schema.json"
    },
    "kohde": {
      "id": "urn:harja/tyyppi",
      "type": "string",
      "required": true
    },
    "kuvaus": {
      "id": "urn:harja/kuvaus",
      "type": "string",
      "maxLength": 4096,
      "required": true
    },
    "kirjaaja": {
      "id": "urn:harja/kirjaaja",
      "type": "object",
      "additionalProperties": false,
      "$ref": "file:resources/api/schemas/entities/henkilo.schema.json",
      "required": true
    },
    "aika": {
      "id": "urn:harja/aika",
      "type": "string",
      "format": "date-time",
      "required": true
    },
    "sisaltaa-poikkeamaraportin": {
      "id": "urn:harja/sisaltaa-poikkeamaraportin",
      "type": "boolean"
    },
    "liitteet": {
      "id": "urn:harja/liitteet",
      "type": "object",
      "additionalProperties": false,
      "$ref": "file:resources/api/schemas/entities/liitteet.schema.json"
    },
    "kommentit": {
      "id": "urn:harja/kommentit",
      "type": "array",
      "maxItems": 1000,
      "items": {
        "id": "urn:harja/kommentit/0",
        "type": "object",
        "additionalProperties": false,
        "properties": {
          "kommentti": {
            "id": "urn:harja/kommentit/0/kommentti",
            "type": "string"
          }
        }
      }
    }
  }
}