{
  "$schema": "http://json-schema.org/draft-03/schema#",
  "id": "urn:harja",
  "type": "object",
  "additionalProperties": false,
  "properties": {
    "otsikko": {
      "id": "urn:harja/otsikko",
      "type": "object",
      "additionalProperties": false,
      "$ref": "file:resources/api/schemas/entities/otsikko.schema.json",
      "required": true
    },
    "paallystysilmoitus": {
      "id": "urn:harja/paallystysilmoitus",
      "type": "object",
      "additionalProperties": false,
      "$ref": "file:resources/api/schemas/entities/paallystysilmoitus.schema.json",
      "required": true
    },
    "valmis-kasiteltavaksi": {
      "id": "urn:harja/paallystysilmoitus_valmis_kasiteltavaksi",
      "type": "boolean"
    }
  }
}