{
  "$schema": "http://json-schema.org/draft-03/schema#",
  "id": "urn:harja",
  "type": "object",
  "additionalProperties": false,
  "properties": {
    "otsikko": {
      "id": "urn:harja/tiestotarkastuskirjaus",
      "type": "object",
      "additionalProperties": false,
      "$ref": "file:resources/api/schemas/entities/otsikko.schema.json",
      "required": true
    },
    "pistetoteuma": {
      "id": "urn:harja/pistetoteuma",
      "type": "object",
      "additionalProperties": false,
      "required": false,
      "$ref": "file:resources/api/schemas/entities/pistetoteuma.schema.json"
    },
    "pistetoteumat": {
      "id": "urn:harja/pistetoteumat/0/pistetoteuma",
      "type": "object",
      "additionalProperties": false,
      "required": false,
      "$ref": "file:resources/api/schemas/entities/pistetoteumat.schema.json"
    }
  }
}