{
  "$schema": "http://json-schema.org/draft-03/schema#",
  "id": "urn:harja",
  "type": "object",
  "required": true,
  "properties": {
    "otsikko": {
      "id": "urn:harja/otsikko",
      "type": "object",
      "required": true,
      "$ref": "file:resources/api/schemas/entities/otsikko.schema.json"
    },
    "siltatarkastus": {
      "id": "urn:harja/siltatarkastus",
      "type": "object",
      "required": true,
      "properties": {
        "tunniste": {
          "id": "urn:harja/tunniste",
          "type": "object",
          "required": true,
          "$ref": "file:resources/api/schemas/entities/tunniste.schema.json"
        },
        "siltatunnus": {
          "id": "urn:harja/siltatarkastus/sillantunniste",
          "type": "string",
          "required": true
        },
        "tarkastusaika": {
          "id": "urn:harja/siltatarkastus/paivamaara",
          "type": "string",
          "format": "date-time",
          "required": true
        },
        "tarkastaja": {
          "id": "urn:harja/siltatarkastus/tarkastaja",
          "type": "object",
          "required": true,
          "$ref": "file:resources/api/schemas/entities/henkilo.schema.json"
        },
        "sillantarkastuskohteet": {
          "id": "urn:harja/siltatarkastus/sillantarkastuskohteet",
          "type": "object",
          "required": true,
          "properties": {
            "alusrakenne": {
              "id": "urn:harja/siltatarkastus/sillantarkastuskohteet/alusrakenne",
              "type": "object",
              "required": true,
              "properties": {
                "maatukienSiisteysJaKunto": {
                  "id": "urn:harja/siltatarkastus/sillantarkastuskohteet/alusrakenne/maatukienSiisteysJaKunto",
                  "type": "object",
                  "required": true,
                  "additionalProperties": false,
                  "$ref": "file:resources/api/schemas/entities/siltatarkastuskohde.schema.json"
                },
                "valitukienSiisteysJaKunto": {
                  "id": "urn:harja/siltatarkastus/sillantarkastuskohteet/alusrakenne/valitukienSiisteysJaKunto",
                  "type": "object",
                  "required": true,
                  "additionalProperties": false,
                  "$ref": "file:resources/api/schemas/entities/siltatarkastuskohde.schema.json"
                },
                "laakeritasojenSiisteysJaKunto": {
                  "id": "urn:harja/siltatarkastus/sillantarkastuskohteet/alusrakenne/laakeritasojenSiisteysJaKunto",
                  "type": "object",
                  "required": true,
                  "additionalProperties": false,
                  "$ref": "file:resources/api/schemas/entities/siltatarkastuskohde.schema.json"
                }
              }
            },
            "paallysrakenne": {
              "id": "urn:harja/siltatarkastus/sillantarkastuskohteet/paallysrakenne",
              "type": "object",
              "required": true,
              "properties": {
                "kansilaatta": {
                  "id": "urn:harja/siltatarkastus/sillantarkastuskohteet/paallysrakenne/kansilaatta",
                  "type": "object",
                  "required": true,
                  "additionalProperties": false,
                  "$ref": "file:resources/api/schemas/entities/siltatarkastuskohde.schema.json"
                },
                "paallysteenKunto": {
                  "id": "urn:harja/siltatarkastus/sillantarkastuskohteet/paallysrakenne/paallysteenKunto",
                  "type": "object",
                  "required": true,
                  "additionalProperties": false,
                  "$ref": "file:resources/api/schemas/entities/siltatarkastuskohde.schema.json"
                },
                "reunapalkinSiisteysJaKunto": {
                  "id": "urn:harja/siltatarkastus/sillantarkastuskohteet/paallysrakenne/reunapalkinSiisteysJaKunto",
                  "type": "object",
                  "required": true,
                  "additionalProperties": false,
                  "$ref": "file:resources/api/schemas/entities/siltatarkastuskohde.schema.json"
                },
                "reunapalkinLiikuntasauma": {
                  "id": "urn:harja/siltatarkastus/sillantarkastuskohteet/paallysrakenne/reunapalkinLiikuntasauma",
                  "type": "object",
                  "required": true,
                  "additionalProperties": false,
                  "$ref": "file:resources/api/schemas/entities/siltatarkastuskohde.schema.json"
                },
                "reunapalkinJaPaallysteenValisenSaumanSiisteysJaKunto": {
                  "id": "urn:harja/siltatarkastus/sillantarkastuskohteet/paallysrakenne/reunapalkinJaPaallysteenValisenSaumanSiisteysJaKunto",
                  "type": "object",
                  "required": true,
                  "additionalProperties": false,
                  "$ref": "file:resources/api/schemas/entities/siltatarkastuskohde.schema.json"
                },
                "sillanpaidenSaumat": {
                  "id": "urn:harja/siltatarkastus/sillantarkastuskohteet/paallysrakenne/sillanpaidenSaumat",
                  "type": "object",
                  "required": true,
                  "additionalProperties": false,
                  "$ref": "file:resources/api/schemas/entities/siltatarkastuskohde.schema.json"
                },
                "sillanJaPenkereenRaja": {
                  "id": "urn:harja/siltatarkastus/sillantarkastuskohteet/paallysrakenne/sillanJaPenkereenRaja",
                  "type": "object",
                  "required": true,
                  "additionalProperties": false,
                  "$ref": "file:resources/api/schemas/entities/siltatarkastuskohde.schema.json"
                }
              }
            },
            "varusteetJaLaitteet": {
              "id": "urn:harja/siltatarkastus/sillantarkastuskohteet/varusteetJaLaitteet",
              "type": "object",
              "required": true,
              "properties": {
                "kaiteidenJaSuojaverkkojenVauriot": {
                  "id": "urn:harja/siltatarkastus/sillantarkastuskohteet/varusteetJaLaitteet/kaiteidenJaSuojaverkkojenVauriot",
                  "type": "object",
                  "required": true,
                  "additionalProperties": false,
                  "$ref": "file:resources/api/schemas/entities/siltatarkastuskohde.schema.json"
                },
                "liikuntasaumalaitteidenSiisteysJaKunto": {
                  "id": "urn:harja/siltatarkastus/sillantarkastuskohteet/varusteetJaLaitteet/liikuntasaumalaitteidenSiisteysJaKunto",
                  "type": "object",
                  "required": true,
                  "additionalProperties": false,
                  "$ref": "file:resources/api/schemas/entities/siltatarkastuskohde.schema.json"
                },
                "laakerit": {
                  "id": "urn:harja/siltatarkastus/sillantarkastuskohteet/varusteetJaLaitteet/laakerit",
                  "type": "object",
                  "required": true,
                  "additionalProperties": false,
                  "$ref": "file:resources/api/schemas/entities/siltatarkastuskohde.schema.json"
                },
                "syoksytorvet": {
                  "id": "urn:harja/siltatarkastus/sillantarkastuskohteet/varusteetJaLaitteet/syoksytorvet",
                  "type": "object",
                  "required": true,
                  "additionalProperties": false,
                  "$ref": "file:resources/api/schemas/entities/siltatarkastuskohde.schema.json"
                },
                "tippuputket": {
                  "id": "urn:harja/siltatarkastus/sillantarkastuskohteet/varusteetJaLaitteet/tippuputket",
                  "type": "object",
                  "required": true,
                  "additionalProperties": false,
                  "$ref": "file:resources/api/schemas/entities/siltatarkastuskohde.schema.json"
                },
                "kosketussuojatJaNiidenKiinnitykset": {
                  "id": "urn:harja/siltatarkastus/sillantarkastuskohteet/varusteetJaLaitteet/kosketussuojatJaNiidenKiinnitykset",
                  "type": "object",
                  "required": true,
                  "additionalProperties": false,
                  "$ref": "file:resources/api/schemas/entities/siltatarkastuskohde.schema.json"
                },
                "valaistuslaitteet": {
                  "id": "urn:harja/siltatarkastus/sillantarkastuskohteet/varusteetJaLaitteet/valaistuslaitteet",
                  "type": "object",
                  "required": true,
                  "additionalProperties": false,
                  "$ref": "file:resources/api/schemas/entities/siltatarkastuskohde.schema.json"
                },
                "johdotJaKaapelit": {
                  "id": "urn:harja/siltatarkastus/sillantarkastuskohteet/varusteetJaLaitteet/johdotJaKaapelit",
                  "type": "object",
                  "required": true,
                  "additionalProperties": false,
                  "$ref": "file:resources/api/schemas/entities/siltatarkastuskohde.schema.json"
                },
                "liikennemerkit": {
                  "id": "urn:harja/siltatarkastus/sillantarkastuskohteet/varusteetJaLaitteet/liikennemerkit",
                  "type": "object",
                  "required": true,
                  "additionalProperties": false,
                  "$ref": "file:resources/api/schemas/entities/siltatarkastuskohde.schema.json"
                }
              }
            },
            "siltapaikanRakenteet": {
              "id": "urn:harja/siltatarkastus/sillantarkastuskohteet/siltapaikanRakenteet",
              "type": "object",
              "required": true,
              "properties": {
                "kuivatuslaitteidenSiisteysJaKunto": {
                  "id": "urn:harja/siltatarkastus/sillantarkastuskohteet/siltapaikanRakenteet/kuivatuslaitteidenSiisteysJaKunto",
                  "type": "object",
                  "required": true,
                  "additionalProperties": false,
                  "$ref": "file:resources/api/schemas/entities/siltatarkastuskohde.schema.json"
                },
                "etuluiskienSiisteysJaKunto": {
                  "id": "urn:harja/siltatarkastus/sillantarkastuskohteet/siltapaikanRakenteet/etuluiskienSiisteysJaKunto",
                  "type": "object",
                  "required": true,
                  "additionalProperties": false,
                  "$ref": "file:resources/api/schemas/entities/siltatarkastuskohde.schema.json"
                },
                "keilojenSiisteysJaKunto": {
                  "id": "urn:harja/siltatarkastus/sillantarkastuskohteet/siltapaikanRakenteet/keilojenSiisteysJaKunto",
                  "type": "object",
                  "required": true,
                  "additionalProperties": false,
                  "$ref": "file:resources/api/schemas/entities/siltatarkastuskohde.schema.json"
                },
                "tieluiskienSiisteysJaKunto": {
                  "id": "urn:harja/siltatarkastus/sillantarkastuskohteet/siltapaikanRakenteet/tieluiskienSiisteysJaKunto",
                  "type": "object",
                  "required": true,
                  "additionalProperties": false,
                  "$ref": "file:resources/api/schemas/entities/siltatarkastuskohde.schema.json"
                },
                "portaidenSiisteysJaKunto": {
                  "id": "urn:harja/siltatarkastus/sillantarkastuskohteet/siltapaikanRakenteet/portaidenSiisteysJaKunto",
                  "type": "object",
                  "required": true,
                  "type": "object",
                  "required": true,
                  "additionalProperties": false,
                  "$ref": "file:resources/api/schemas/entities/siltatarkastuskohde.schema.json"
                }
              }
            }
          }
        },
        "liitteet": {
          "id": "urn:harja/tarkastukset/0/liitteet",
          "type": "object",
          "$ref": "file:resources/api/schemas/entities/liitteet.schema.json"
        }
      }
    }
  }
}