{
  "$schema": "http://json-schema.org/draft-03/schema#",
  "id": "urn:harja/tiestotarkastuskirjaus",
  "type": "object",
  "additionalProperties": false,
  "properties": {
    "otsikko": {
      "id": "urn:harja/otsikko",
      "type": "object",
      "additionalProperties": false,
      "$ref": "file:resources/api/schemas/entities/otsikko.schema.json",
      "required": true
    },
    "tarkastukset": {
      "id": "urn:harja/tarkastukset",
      "type": "array",
      "maxItems": 1000,
      "items": {
        "id": "urn:harja/tarkastukset/0",
        "type": "object",
        "additionalProperties": false,
        "properties": {
          "tarkastus": {
            "id": "urn:harja/tarkastus",
            "type": "object",
            "additionalProperties": false,
            "$ref": "file:resources/api/schemas/entities/tarkastus.schema.json",
            "required": true
          },
          "mittaus": {
            "id": "urn:harja/mittaustulokset/talvihoito",
            "type": "object",
            "additionalProperties": false,
            "properties": {
              "hoitoluokka": {
                "id": "urn:harja/mittaustulokset/talvihoito/hoitoluokka",
                "type": "integer"
              },
              "lumimaara": {
                "id": "urn:harja/mittaustulokset/talvihoito/lumimaara",
                "type": "number"
              },
              "tasaisuus": {
                "id": "urn:harja/mittaustulokset/talvihoito/tasaisuus",
                "type": "number"
              },
              "kitka": {
                "id": "urn:harja/mittaustulokset/talvihoito/kitka",
                "type": "number"
              },
              "lampotilaIlma": {
                "id": "urn:harja/mittaustulokset/talvihoito/lampotilaIlma",
                "type": "number"
              },
              "lampotilaTie": {
                "id": "urn:harja/mittaustulokset/talvihoito/lampotilaTie",
                "type": "number"
              }
            }
          }
        }
      }
    }
  }
}

