{
  "$schema": "http://json-schema.org/draft-07/schema#",
  "type": "object",
  "additionalProperties": false,
  "properties": {
    "suunnitellut-kustannukset": {
      "type": "object",
      "items": {
        "type": "object",
        "additionalProperties": false,
        "properties": {
          "urakka": {
            "type": "integer",
            "description": "Harjan urakka-id. Tämä skeema on relevantti vain maanteiden hoidon urakoissa."
          },
          "urakkatunnus": {
            "type": "string",
            "description": "Urakasta eri järjestelmissä ja geometria-aineistoissa käytetty tunniste. Uudemmissa urakoissa sama kuin urakan Sampo-id, vanhemmissa urakoissa tunnisteena käytetään alueurakkanumeroa."
          },
          "kiinteat-kustannukset": {
            "type": "array",
            "items": {
              "type": "object",
              "additionalProperties": false,
              "properties": {
                "kiintea-kustannus": {
                  "type": "object",
                  "additionalProperties": false,
                  "properties": {
                    "kustannus-id": {
                      "type": "integer",
                      "description": "Kustannusrivin id Harjassa."
                    },
                    "ajankohta": {
                      "type": "object",
                      "properties": {
                        "vuosi": {
                          "type": "integer",
                          "description": "Kalenterivuosi jota suunniteltu kustannus koskee."
                        },
                        "kuukausi": {
                          "type": "integer",
                          "description": "Kalenterikuukausi jota suunniteltu kustannus koskee."
                        },
                        "required": [
                          "vuosi",
                          "kuukausi"
                        ]
                      }
                    },
                    "kustannus": {
                      "type": "object",
                      "properties": {
                        "summa": {
                          "type": "number",
                          "description": "Suunniteltu kustannus. Yksikkö: euro."
                        },
                        "indeksikorjattu-summa": {
                          "type": "number",
                          "description": "Suunniteltu summa indeksikorjattuna. Yksikkö: euro."
                        },
                        "indeksikorjauksen-vahvistusajankohta": {
                          "type": "string",
                          "format": "datetime",
                          "description": "Ajankohta jolloin indeksikorjaus on hyväksytty. Jos tyhjä, ei indeksikorjausta kustannukselle ole vielä hyväksytty."
                        },
                        "required": [
                          "summa"
                        ]
                      }
                    },
                    "kohdistus": {
                      "type": "object",
                      "properties": {
                        "toimenpide": {
                          "type": "integer",
                          "description": "Harjan toimenpide-id."
                        },
                        "rahavaraus": {
                          "type": "integer",
                          "description": "Harjan rahavaraus-id."
                        },
                        "tehtavaryhma": {
                          "type": "integer",
                          "description": "Harjan tehtavaryhma-id."
                        },
                        "tehtava": {
                          "type": "integer",
                          "description": "Harjan tehtava-id."
                        },
                        "required": [
                          "toimenpide"
                        ]
                      }
                    },
                    "versio": {
                      "type": "integer",
                      "description": "Kustannuksen versio. Käytetään ehkä tulevaisuudessa kustannuksen muutoshistorian seuraamiseen. Versio on nolla, kun versiointia ei ole käytössä."
                    },
                    "required": [
                      "kustannus-id",
                      "ajankohta",
                      "kustannus",
                      "kohdistus"
                    ]
                  }
                }
              }
            }
          },
          "arvioidut-kustannukset": {
            "type": "array",
            "items": {
              "type": "object",
              "additionalProperties": false,
              "properties": {
                "arvioitu-kustannus": {
                  "type": "object",
                  "additionalProperties": false,
                  "properties": {
                    "kustannus-id": {
                      "type": "integer",
                      "description": "Kustannusrivin id Harjassa."
                    },
                    "ajankohta": {
                      "type": "object",
                      "properties": {
                        "vuosi": {
                          "type": "integer",
                          "description": "Kalenterivuosi jota suunniteltu kustannus koskee."
                        },
                        "kuukausi": {
                          "type": "integer",
                          "description": "Kalenterikuukausi jota suunniteltu kustannus koskee."
                        },
                        "required": [
                          "vuosi",
                          "kuukausi"
                        ]
                      }
                    },
                    "kustannus": {
                      "type": "object",
                      "properties": {
                        "summa": {
                          "type": "number",
                          "description": "Suunniteltu kustannus. Yksikkö: euro."
                        },
                        "indeksikorjattu-summa": {
                          "type": "number",
                          "description": "Suunniteltu summa indeksikorjattuna. Yksikkö: euro."
                        },
                        "indeksikorjauksen-vahvistusajankohta": {
                          "type": "string",
                          "format": "datetime",
                          "description": "Ajankohta jolloin indeksikorjaus on hyväksytty. Jos tyhjä, ei indeksikorjausta kustannukselle ole vielä hyväksytty."
                        },
                        "required": [
                          "summa"
                        ]
                      }
                    },
                    "kohdistus": {
                      "type": "object",
                      "properties": {
                        "toimenpide": {
                          "type": "integer",
                          "description": "Harjan toimenpide-id (ei toimenpidekoodi)."
                        },
                        "rahavaraus": {
                          "type": "integer",
                          "description": "Harjan rahavaraus-id."
                        },
                        "tehtavaryhma": {
                          "type": "integer",
                          "description": "Harjan tehavaryhma-id."
                        },
                        "tehtava": {
                          "type": "integer",
                          "description": "Harjan tehtava-id."
                        }
                      },
                      "required": [
                        "toimenpide"
                      ]
                    },
                    "versio": {
                      "type": "integer",
                      "description": "Kustannuksen versio. Käytetään tulevaisuudessa kustannuksen muutoshistorian seuraamiseen. Versio on nolla, kun versiointia ei ole käytössä."
                    },
                    "required": [
                      "kustannus-id",
                      "ajankohta",
                      "kustannus",
                      "kohdistus"
                    ]
                  }
                }
              }
            }
          },
          "johto-ja-hallintokorvaukset": {
            "type": "array",
            "items": {
              "type": "object",
              "additionalProperties": false,
              "properties": {
                "johto-ja-hallintokorvaus": {
                  "type": "object",
                  "additionalProperties": false,
                  "properties": {
                    "kustannus-id": {
                      "type": "integer",
                      "description": "Kustannusrivin id Harjassa."
                    },
                    "toimenkuva": {
                      "type": "object",
                      "properties": {
                        "toimenkuva-id": {
                          "type": "integer",
                          "description": "Harjan toimenkuva-id."
                        },
                        "nimi": {
                          "type": "integer",
                          "description": "Harjan toimenkuvan nimi."
                        }
                      },
                      "required": [
                        "toimenkuva-id"
                      ]
                    },
                    "toimenkuvan-ajankohta": {
                      "type": "object",
                      "properties": {
                        "vuosi": {
                          "type": "integer",
                          "description": "Kalenterivuosi jolloin toimenkuva synnyttää kustannuksia."
                        },
                        "kuukausi": {
                          "type": "integer",
                          "description": "Kalenterikuukausi jolloin toimenkuva synnyttää kustannuksia."
                        },
                        "ennen-urakkaa": {
                          "type": "boolean",
                          "description": "True = Toimenkuva on relevantti ennen urakan alkua, vaikka kustannus kohdistetaan ensimmäisen hoitovuoden lokakuulle. False = Toimenkuva synnyttää kustannuksia urakan aikana."
                        },
                        "required": [
                          "vuosi",
                          "kuukausi",
                          "ennen-urakkaa"
                        ]
                      }
                    },
                    "toimenkuvan-kustannus": {
                      "type": "object",
                      "properties": {
                        "tunnit": {
                          "type": "number",
                          "description": "Toimenkuvaan liittyvien työtuntien määrä ajankohdan kuluessa."
                        },
                        "tuntipalkka": {
                          "type": "number",
                          "description": "Toimenkuvan tuntipalkka"
                        },
                        "summa": {
                          "type": "number",
                          "description": "Toimenkuvan suunniteltu kustannus. Yksikkö: euro."
                        },
                        "indeksikorjattu-summa": {
                          "type": "number",
                          "description": "Toimenkuvan suunniteltu summa indeksikorjattuna. Yksikkö: euro."
                        },
                        "indeksikorjauksen-vahvistusajankohta": {
                          "type": "string",
                          "format": "date-time",
                          "description": "Ajankohta jolloin indeksikorjaus on hyväksytty. Jos tyhjä, ei indeksikorjausta kustannukselle ole vielä hyväksytty."
                        },
                        "required": [
                          "tunnit",
                          "tuntipalkka",
                          "summa"
                        ]
                      }
                    },
                    "kohdistus": {
                      "type": "object",
                      "properties": {
                        "toimenpide": {
                          "type": "integer",
                          "description": "Harjan toimenpide-id. Johto- ja hallintokorvauksissa toimenpide on aina MHU HOIDONJOHTO (toimenpidekoodi: 23151)."
                        },
                        "rahavaraus": {
                          "type": "integer",
                          "description": "Harjan rahavaraus-id."
                        },
                        "tehtavaryhma": {
                          "type": "integer",
                          "description": "Harjan tehavaryhma-id."
                        },
                        "tehtava": {
                          "type": "integer",
                          "description": "Harjan tehtava-id."
                        }
                      },
                      "required": [
                        "toimenpide"
                      ]
                    },
                    "versio": {
                      "type": "integer",
                      "description": "Kustannuksen versio. Käytetään tulevaisuudessa kustannuksen muutoshistorian seuraamiseen."
                    },
                    "required": [
                      "kustannus-id",
                      "toimenkuva",
                      "toimenkuvan-ajankohta",
                      "toimenkuvan-kustannus",
                      "kohdistus"
                    ]
                  }
                }
              }
            }
          },
          "required": [
            "urakka",
            "urakkatunnus"
          ]
        }
      }
    }
  }
}
