{
  "$schema": "http://json-schema.org/draft-07/schema#",
  "type": "object",
  "properties": {
    "rahavaraukset": {
      "type": "array",
      "items": {
        "type": "object",
        "properties": {
          "id": {
            "type": "integer",
            "description": "Harjan rahavaraus-id"
          },
          "nimi": {
            "type": "string",
            "description": "Rahavarauksen nimi"
          },
          "tehtavat": {
            "type": "array",
            "items": {
              "type": "integer"
            },
            "description": "Niiden tehtävien id:t Harjassa, joihin rahavaraus liittyy. Tehtävien kautta rahavaraus kytkeytyy myös tehtäväryhmiin ja toimenpiteisiin."
          }
        }
      },
      "required": [
        "id",
        "nimi",
        "tehtavat"
      ]
    }
  },
  "required": [
    "rahavaraukset"
  ]
}
