{
  "$schema": "http://json-schema.org/draft-07/schema#",
  "type": "object",
  "additionalProperties": false,
  "properties": {
    "urakat": {
      "type": "array",
      "items": {
        "type": "object",
        "additionalProperties": false,
        "properties": {
          "alueurakkanro": {
            "type": "string"
          },
          "loppupvm": {
            "type": "string",
            "format": "date-time"
          },
          "luotu": {
            "type": "string",
            "format": "date-time"
          },
          "hanke": {
            "type": "integer"
          },
          "lyhyt_nimi": {
            "type": [
              "string",
              "null"
            ]
          },
          "nimi": {
            "type": "string"
          },
          "sampoid": {
            "type": "string"
          },
          "indeksi": {
            "type": "string"
          },
          "id": {
            "type": "integer"
          },
          "poistettu": {
            "type": "boolean"
          },
          "alkupvm": {
            "type": "string",
            "format": "date-time"
          },
          "velho_oid": {
            "type": [
              "string",
              "null"
            ]
          },
          "hallintayksikko": {
            "type": "integer"
          },
          "urakoitsija": {
            "type": "integer"
          },
          "sopimustyyppi": {
            "type": [
              "string",
              "null"
            ],
            "enum": [
              "palvelusopimus",
              "kokonaisurakka"
            ]
          },
          "tyyppi": {
            "type": "string",
            "enum": [
              "hoito",
              "paallystys",
              "paikkaus",
              "tiemerkinta",
              "valaistus",
              "siltakorjaus",
              "tekniset-laitteet",
              "vesivayla-hoito",
              "vesivayla-ruoppaus",
              "vesivayla-turvalaitteiden-korjaus",
              "vesivayla-kanavien-hoito",
              "vesivayla-kanavien-korjaus",
              "teiden-hoito"
            ]
          },
          "muokattu": {
            "type": [
              "string",
              "null"
            ],
            "format": "date-time"
          }
        }
      }
    }
  }
}
