{
  "$schema": "http://json-schema.org/draft-07/schema#",
  "type": "object",
  "additionalProperties": false,
  "properties": {
    "paallystyskohteet": {
      "type": "array",
      "items": {
        "type": "object",
        "additionalProperties": false,
        "required": [
          "harjaId",
          "kohdetyyppi",
          "tierekisteriosoitevali",
          "alikohteet",
          "pituus"
        ],
        "properties": {
          "yhaId": {
            "type": "integer",
            "multipleOf": 1
          },
          "harjaId": {
            "type": "integer",
            "multipleOf": 1
          },
          "poistettu": {
            "type": "boolean"
          },
          "urakka": {
            "type": "integer",
            "description": "Urakan ID HARJAn tietokannassa, eli HarjaId.",
            "multipleOf": 1
          },
          "kohdenumero": {
            "type": "integer",
            "multipleOf": 1
          },
          "kohdetyyppi": {
            "type": "string",
            "enum": [
              "paallystys",
              "paikkaus"
            ]
          },
          "nimi": {
            "type": "string"
          },
          "tunnus": {
            "type": [
              "null",
              "string"
            ],
            "maxLength": 30
          },
          "yotyo": {
            "type": "boolean",
            "description": "Onko päällystyskohde tehty yötöinä"
          },
          "tierekisteriosoitevali": {
            "$ref": "#/definitions/tierekisteriosoitevali"
          },
          "pituus": {
            "type": "integer",
            "multipleOf": 1,
            "description": "Pituus metreinä, laskettu tieosoitteista HARJAssa."
          },
          "kokonaishinta": {
            "type": "number"
          },
          "alikohteet": {
            "type": "array",
            "items": {
              "type": "object",
              "additionalProperties": false,
              "required": [
                "harjaId",
                "tierekisteriosoitevali"
              ],
              "properties": {
                "yhaId": {
                  "type": "number"
                },
                "harjaId": {
                  "type": "number"
                },
                "geometria": {
                  "type": "string",
                  "format": "wkt",
                  "description": "Geometria WKT-muodossa, SRID 3067"
                },
                "tierekisteriosoitevali": {
                  "$ref": "#/definitions/tierekisteriosoitevali-kaista-ja-ajorata"
                },
                "pituus": {
                  "type": "integer",
                  "multipleOf": 1,
                  "description": "Pituus metreinä, laskettu tieosoitteista HARJAssa."
                },
                "paallystystoimenpide": {
                  "$ref": "#/definitions/paallystystoimenpide"
                }
              }
            }
          }
        }
      }
    }
  },
  "definitions": {
    "tierekisteriosoitevali": {
      "type": "object",
      "additionalProperties": false,
      "required": [
        "tienumero",
        "aosa",
        "aet",
        "losa",
        "let"
      ],
      "properties": {
        "karttapaivamaara": {
          "type": "string",
          "format": "date-time"
        },
        "tienumero": {
          "type": "integer",
          "multipleOf": 1,
          "description": "Tien numero, jolle tieosoiteväli kohdistuu."
        },
        "aosa": {
          "type": "integer",
          "multipleOf": 1,
          "description": "Tieosoitevälin alun tieosa"
        },
        "aet": {
          "type": "integer",
          "multipleOf": 1,
          "description": "Etäisyys alkuosan sisällä"
        },
        "losa": {
          "type": "integer",
          "multipleOf": 1,
          "description": "Tieosoitevälin lopun tieosa"
        },
        "let": {
          "type": "integer",
          "multipleOf": 1,
          "description": "Etäisyys loppuosan sisällä"
        }
      }
    },
    "tierekisteriosoitevali-kaista-ja-ajorata": {
      "type": "object",
      "additionalProperties": false,
      "required": [
        "tienumero",
        "aosa",
        "aet",
        "losa",
        "let"
      ],
      "properties": {
        "karttapaivamaara": {
          "type": "string",
          "format": "date-time"
        },
        "tienumero": {
          "type": "integer",
          "multipleOf": 1,
          "description": "Tien numero, jolle tieosoiteväli kohdistuu."
        },
        "aosa": {
          "type": "integer",
          "multipleOf": 1,
          "description": "Tieosoitevälin alun tieosa"
        },
        "aet": {
          "type": "integer",
          "multipleOf": 1,
          "description": "Etäisyys alkuosan sisällä"
        },
        "losa": {
          "type": "integer",
          "multipleOf": 1,
          "description": "Tieosoitevälin lopun tieosa"
        },
        "let": {
          "type": "integer",
          "multipleOf": 1,
          "description": "Etäisyys loppuosan sisällä"
        },
        "ajorata": {
          "type": "integer",
          "enum": [
            0,
            1,
            2
          ]
        },
        "kaista": {
          "type": "integer",
          "enum": [
            1,
            11,
            12,
            13,
            21,
            22,
            23,
            14,
            15,
            16,
            17,
            18,
            19,
            24,
            25,
            26,
            27,
            28,
            29,
            31
          ]
        }
      }
    },
    "paallyste": {
      "type": "string",
      "enum": [
        "betoni",
        "kivi",
        "avoin asfaltti",
        "asfalttibetoni",
        "epäjatkuva asfaltti",
        "kivimastiksiasfaltti",
        "kantavan kerroksen AB",
        "bit.sidottu kantava ker.",
        "valuasfaltti",
        "pehmeä asfalttibetoni (b)",
        "pehmeä asfalttibetoni (v)",
        "pehmeä asfalttibetoni (o)",
        "sirotepintaus",
        "soratien pintaus",
        "sora"
      ]
    },
    "kuulamylly": {
      "type": "string",
      "enum": [
        "AN5",
        "AN7",
        "AN10",
        "AN14",
        "AN19",
        "AN30",
        "AN22",
        "Ei tietoa"
      ]
    },
    "paallystetyomenetelma": {
      "type": "string",
      "enum": [
        "Paksuudeltaan vakio laatta",
        "Massapintaus",
        "Kuumennuspintaus",
        "MP kuumalle, kuumajyrsitylle tas. pinnalle",
        "REMIX-pintaus",
        "2-kerroksinen remix-pintaus",
        "PAB-O/V:n remix-pintaus",
        "ART-pintaus",
        "Novachip-massapintaus",
        "Karhinta",
        "Sorastus",
        "Soratien kevyt korjaus",
        "Soratien kelirikon poistava korjaus",
        "Soratien raskas rakenteen poistaminen",
        "Hienojyrsintä",
        "Sirotepintaus",
        "Urapaikkaus",
        "Uraremix",
        "Vauriopaikkaus",
        "Ei menetelmää"
      ]
    },
    "paallystystoimenpide": {
      "type": "object",
      "additionalProperties": false,
      "properties": {
        "uusiPaallyste": {
          "$ref": "#/definitions/paallyste"
        },
        "raekoko": {
          "type": "integer",
          "multipleOf": 1,
          "minimum": 0,
          "maximum": 99
        },
        "massamenekki": {
          "description": "Käytetty massa kg/m2",
          "type": "number",
          "minimum": 0,
          "maximum": 999
        },
        "kokonaismassamaara": {
          "description": "Yhteensä käytetty massa tonneina",
          "type": "number"
        },
        "paallystetyomenetelma": {
          "$ref": "#/definitions/paallystetyomenetelma"
        }
      }
    }
  }
}
