{
  "$schema": "http://json-schema.org/draft-07/schema#",
  "type": "object",
  "additionalProperties": false,
  "properties": {
    "aikataulut": {
      "type": "array",
      "items": {
        "type": "object",
        "required": ["paallystyskohde"],
        "properties": {
          "paallystyskohde": {
            "type": "integer",
            "description": "Päällystyskohteen ID Harjan tietokannassa, eli harjaId",
            "multipleOf": 1
          },
          "kohdeAloitettu": {
            "type": ["string", "null"],
            "format": "date"
          },
          "paallystysAloitettu": {
            "type": ["string", "null"],
            "format": "date"
          },
          "paallystysValmis": {
            "type": ["string", "null"],
            "format": "date"
          },
          "valmisTiemerkintaan": {
            "type": ["string", "null"],
            "format": "date"
          },
          "tiemerkintaTakaraja": {
            "type": ["string", "null"],
            "format": "date"
          },
          "tiemerkintaAloitettu": {
            "type": ["string", "null"],
            "format": "date"
          },
          "tiemerkintaValmis": {
            "type": ["string", "null"],
            "format": "date"
          },
          "kohdeValmis": {
            "type": ["string", "null"],
            "format": "date"
          }
        }
      }
    }
  }
}
