{
  "$schema": "http://json-schema.org/draft-07/schema#",
  "type": "object",
  "additionalProperties": false,
  "properties": {
    "yhaLahetyksienTila": {
      "type": "object",
      "additionalProperties": false,
      "properties": {
        "onnistuneita": {
          "type": "integer"
        },
        "epaonnistuneita": {
          "type": "integer"
        },
        "eiLahetettyja": {
          "type": "integer"
        }
      }
    },
    "paallystysilmoitukset": {
      "type": "array",
      "items": {
        "type": "object",
        "additionalProperties": false,
        "properties": {
          "paallystyskohde": {
            "type": "integer",
            "description": "Päällystyskohteen ID HARJAn tietokannassa, eli HarjaId",
            "multipleOf": 1
          },
          "poistettu": {
            "type": "boolean"
          },
          "yhaLahetyksenTila": {
            "type": "string",
            "enum": [
              "Ei lähetetty",
              "Lähetetty onnistuneesti",
              "Epäonnistunut"
            ]
          },
          "takuupaivamaara": {
            "type": "string",
            "format": "date"
          },
          "toteutunutHinta": {
            "type": "number"
          },
          "kulutuskerrokselleTehdytToimetPOT2": {
            "type": "array",
            "minItems": 0,
            "description": "POT2-tiedot sisältävä listaus kulutuskerroksen toimenpiteistä, aiemmin nimetty alikohteiden toimenpiteiksi.",
            "items": {
              "type": "object",
              "additionalProperties": false,
              "properties": {
                "alikohde": {
                  "type": "integer",
                  "multipleOf": 1,
                  "description": "Alikohteen ID HARJAn tietokannassa, eli HarjaId"
                },
                "poistettu": {
                  "type": "boolean"
                },
                "tierekisteriosoitevali": {
                  "$ref": "#/definitions/tierekisteriosoitevali-kaista-ja-ajorata"
                },
                "pituus": {
                  "type": "integer",
                  "multipleOf": 1,
                  "description": "Pituus metreinä, laskettu tieosoitteista HARJAssa."
                },
                "leveys": {
                  "type": "number",
                  "description": "Yksikkö: Metri"
                },
                "pintaAla": {
                  "type": "number",
                  "description": "Yksikkö: Neliömetri"
                },
                "paallystetyomenetelma": {
                  "$ref": "#/definitions/paallystetyomenetelma"
                },
                "massamenekki": {
                  "type": "number",
                  "description": "Yksikkö: Kg/m2"
                },
                "kokonaismassamaara": {
                  "type": "number",
                  "description": "Yksikkö: tonni"
                },
                "massa": {
                  "$ref": "#/definitions/massa"
                },
                "rc-prosentti": {
                  "type": "number",
                  "description": "Asfalttirouheen osuus massasta"
                }
              }
            }
          },
          "alustalleTehdytToimetPOT2": {
            "type": "array",
            "items": {
              "type": "object",
              "description": "POT2-tiedot sisältävä listaus alustalle tehdyistä toimenpiteistä",
              "additionalProperties": false,
              "required": [
                "tierekisteriosoitevali",
                "pituus",
                "kasittelymenetelma"
              ],
              "properties": {
                "poistettu": {
                  "type": "boolean"
                },
                "tierekisteriosoitevali": {
                  "$ref": "#/definitions/tierekisteriosoitevali-kaista-ja-ajorata"
                },
                "pituus": {
                  "type": "integer",
                  "multipleOf": 1,
                  "description": "Pituus metreinä, laskettu tieosoitteista HARJAssa."
                },
                "kasittelymenetelma": {
                  "type": "string",
                  "enum": [
                    "Massanvaihto",
                    "Asfalttibetoni",
                    "Verkko",
                    "REMIX-tasaus",
                    "Bitumiemusiostabilointi",
                    "Vaahtobitumistabilointi",
                    "Remix-stabilointi",
                    "Sementtistabilointi",
                    "Masuunihiekkastabilointi",
                    "Komposiittistabilointi",
                    "Kantavan kerroksen AB",
                    "Sidekerroksen AB",
                    "Murske",
                    "Sekoitusjyrsintä",
                    "Kuumennustasaus",
                    "Massatasaus",
                    "Tasausjyrsintä",
                    "Laatikkojyrsintä",
                    "Reunajyrsintä",
                    "ei tietoa"
                  ]
                },
                "lisattyPaksuus": {
                  "type": "integer",
                  "multipleOf": 1,
                  "description": "Yksikkö: Senttimetri"
                },
                "kasittelysyvyys": {
                  "type": "integer",
                  "multipleOf": 1,
                  "description": "Yksikkö: Senttimetri"
                },
                "verkkotyyppi": {
                  "type": "string",
                  "enum": [
                    "Teräsverkko",
                    "Lasikuituverkko",
                    "Muoviverkko",
                    "Lujitekangas",
                    "Suodatinkangas",
                    "Muu verkko"
                  ]
                },
                "verkonTarkoitus": {
                  "type": "string",
                  "enum": [
                    "Pituushalkeamien ehkäisy",
                    "Muiden routavaurioiden ehkäisy",
                    "Levennyksen tukeminen",
                    "Painumien ehkäisy",
                    "Moniongelmaisen tukeminen",
                    "Muu tarkoitus"
                  ]
                },
                "verkonSijainti": {
                  "type": "string",
                  "enum": [
                    "Päällysteessä",
                    "Kantavan kerroksen yläpinnassa",
                    "Kantavassa kerroksessa",
                    "Kantavan kerroksen alapinnassa",
                    "Muu sijainti"
                  ]
                },
                "massamenekki": {
                  "type": "number",
                  "description": "Yksikkö: Kg/m2"
                },
                "kokonaismassamaara": {
                  "type": "number",
                  "description": "Yksikkö: tonni"
                },
                "massa": {
                  "$ref": "#/definitions/massa"
                },
                "murske": {
                  "$ref": "#/definitions/murske"
                }
              }
            }
          }
        }
      }
    }
  },
  "definitions": {
    "tierekisteriosoitevali-kaista-ja-ajorata": {
      "type": "object",
      "additionalProperties": false,
      "required": [
        "tienumero",
        "aosa",
        "aet",
        "losa",
        "let"
      ],
      "properties": {
        "karttapaivamaara": {
          "type": "string",
          "format": "date"
        },
        "tienumero": {
          "type": "integer",
          "multipleOf": 1,
          "description": "Tien numero, jolle tieosoiteväli kohdistuu."
        },
        "aosa": {
          "type": "integer",
          "multipleOf": 1,
          "description": "Tieosoitevälin alun tieosa"
        },
        "aet": {
          "type": "integer",
          "multipleOf": 1,
          "description": "Etäisyys alkuosan sisällä"
        },
        "losa": {
          "type": "integer",
          "multipleOf": 1,
          "description": "Tieosoitevälin lopun tieosa"
        },
        "let": {
          "type": "integer",
          "multipleOf": 1,
          "description": "Etäisyys loppuosan sisällä"
        },
        "ajorata": {
          "type": "integer",
          "enum": [
            0,
            1,
            2
          ]
        },
        "kaista": {
          "type": "integer",
          "enum": [
            1,
            11,
            12,
            13,
            21,
            22,
            23,
            14,
            15,
            16,
            17,
            18,
            19,
            24,
            25,
            26,
            27,
            28,
            29,
            31
          ]
        }
      }
    },
    "kuulamylly": {
      "type": "string",
      "enum": [
        "AN5",
        "AN7",
        "AN10",
        "AN14",
        "AN19",
        "AN30",
        "AN22",
        "Ei kuulamyllyä"
      ]
    },
    "paallystetyomenetelma": {
      "type": "string",
      "enum": [
        "Paksuudeltaan vakio laatta",
        "Massapintaus",
        "Kuumennuspintaus",
        "MP kuumalle, kuumajyrsitylle tas. pinnalle",
        "REMIX-pintaus",
        "2-kerroksinen remix-pintaus",
        "PAB-O/V:n remix-pintaus",
        "ART-pintaus",
        "Novachip-massapintaus",
        "Karhinta",
        "Hienojyrsintä",
        "Sirotepintaus",
        "Urapaikkaus",
        "Uraremix"
      ]
    },
    "massa": {
      "type": "object",
      "additionalProperties": false,
      "properties": {
        "massatyyppi": {
          "type": "string",
          "enum": [
            "BET, Betoni",
            "AA, Avoin asfaltti",
            "AB, Asfalttibetoni",
            "EA, Epäjatkuva asfaltti (poistunut)",
            "SMA, Kivimastiksiasfaltti",
            "ABK, Kantavan kerroksen AB",
            "ABS, Sidekerroksen AB",
            "VA, Valuasfaltti",
            "PAB-B, Pehmeät asfalttibetonit",
            "PAB-V, Pehmeät asfalttibetonit",
            "PAB-O, Pehmeät asfalttibetonit",
            "Ei tietoa",
            "EAB, Asfalttibetoni",
            "ABtiivis",
            "EABK, Kantavan kerroksen EAB",
            "EPAB-B, Pehmeät E asfalttibetonit",
            "EPAB-V, Pehmeät asfalttibetonit",
            "Komposiittiasfaltti"
          ]
        },
        "kuulamyllyluokka": {
          "$ref": "#/definitions/kuulamylly"
        },
        "litteyslukuluokka": {
          "type": "string",
          "enum": [
            "FI10",
            "FI15",
            "FI20",
            "FI35"
          ]
        },
        "runkoaineet": {
          "type": "array",
          "minItems": 0,
          "items": {
            "$ref": "#/definitions/runkoaine"
          }
        },
        "sideaineet": {
          "type": "array",
          "minItems": 1,
          "items": {
            "type": "object",
            "additionalProperties": false,
            "properties": {
              "tyyppi": {
                "$ref": "#/definitions/sideainetyyppi"
              },
              "pitoisuus": {
                "type": "number",
                "description": "Sideaineen pitoisuus prosentteina"
              }
            }
          }
        },
        "lisaaineet": {
          "type": "array",
          "items": {
            "type": "object",
            "additionalProperties": false,
            "properties": {
              "tyyppi": {
                "$ref": "#/definitions/lisaainetyyppi"
              },
              "pitoisuus": {
                "type": "number",
                "description": "Lisäaineen pitoisuus prosentteina"
              }
            }
          }
        }
      }
    },
    "murske": {
      "type": "object",
      "additionalProperties": false,
      "properties": {
        "tyyppi": {
          "type": "string",
          "enum": [
            "Kalliomurske",
            "Soramurske",
            "(UUSIO) RA, Asfalttirouhe",
            "(UUSIO) Betonimurske I,",
            "(UUSIO) Betonimurske II",
            "Muu"
          ]
        },
        "rakeisuus": {
          "type": "string"
        },
        "iskunkestavyys": {
          "type": "string",
          "enum": [
            "LA30",
            "LA35",
            "LA40"
          ]
        }
      }
    },
    "sideainetyyppi": {
      "type": "string",
      "enum": [
        "Bitumi, 20/30",
        "Bitumi, 35/50",
        "Bitumi, 50/70",
        "Bitumi, 70/100",
        "Bitumi, 100/150",
        "Bitumi, 160/220",
        "Bitumi, 250/330",
        "Bitumi, 330/430",
        "Bitumi, 500/650",
        "Bitumi, 650/900",
        "Bitumi, V1500",
        "Bitumi, V3000",
        "Polymeerimodifioitu bitumi, PMB 75/130-65",
        "Polymeerimodifioitu bitumi, PMB 75/130-70",
        "Polymeerimodifioitu bitumi, PMB 40/100-70",
        "Polymeerimodifioitu bitumi, PMB 40/100-75",
        "Bitumiliuokset ja fluksatut bitumit, BL0",
        "Bitumiliuokset ja fluksatut bitumit, BL5",
        "Bitumiliuokset ja fluksatut bitumit, BL2Bio",
        "Bitumiemulsiot, BE-L",
        "Bitumiemulsiot, PBE-L",
        "Bitumiemulsiot, BE-SIP",
        "Bitumiemulsiot, BE-SOP",
        "Bitumiemulsiot, BE-AB",
        "Bitumiemulsiot, BE-PAB",
        "KF, Kalkkifilleri",
        "Muu, erikoisbitumi"
      ]
    },
    "lisaainetyyppi": {
      "type": "string",
      "enum": [
        "Kuitu",
        "Tartuke",
        "Sementti",
        "Bitumikaterouhe",
        "Kumi- tai muovirouhe",
        "Väriaine",
        "Muu kemiallinen aine"
      ]
    },
    "runkoaine": {
      "type": "object",
      "additionalProperties": false,
      "properties": {
        "runkoainetyyppi": {
          "type": "string",
          "enum": [
            "Kiviaines",
            "Asfalttirouhe",
            "Erikseen lisättävä fillerikiviaines",
            "Masuunikuomajauhe",
            "Ferrokromikuona (OKTO)",
            "Teräskuona",
            "Muu"
          ]
        },
        "kuulamyllyarvo": {
          "type": "number"
        },
        "litteysluku": {
          "type": "number"
        },
        "massaprosentti": {
          "type": "number",
          "description": "Prosentuaalinen osuus massasta, aiemmin asfalttirouheen osalta rc-prosentti"
        },
        "fillerityyppi": {
          "type": "string",
          "enum": [
            "Kalkkifilleri (KF)",
            "Lentotuhka (LT)",
            "Muu fillerikiviaines"
          ]
        },
        "kuvaus": {
          "type": "string",
          "description": "Käytetään, kun valittuna runkoainetyyppi 'Muu'"
        }
      }
    }
  }
}
