{
  "$schema": "http://json-schema.org/draft-03/schema#",
  "id": "urn:harja",
  "type": "object",
  "additionalProperties": false,
  "properties": {
    "ilmoitukset": {
      "id": "urn:harja/ilmoitukset",
      "type": "array",
      "maxItems": 1000,
      "items": {
        "id": "urn:harja/ilmoitukset/0",
        "type": "object",
        "additionalProperties": false,
        "properties": {
          "ilmoitus": {
            "id": "urn:harja/ilmoitukset/0/ilmoitus",
            "type": "object",
            "additionalProperties": false,
            "properties": {
              "ilmoitusid": {
                "id": "urn:harja/ilmoitukset/0/ilmoitus/ilmoitusid",
                "type": "integer",
                "required": true
              },
              "ilmoitettu": {
                "id": "urn:harja/ilmoitukset/0/ilmoitus/ilmoitettu",
                "type": "string",
                "required": true
              },
              "ilmoitustyyppi": {
                "id": "urn:harja/ilmoitukset/0/ilmoitus/ilmoitustyyppi",
                "required": true,
                "enum": [
                  "tiedoitus",
                  "toimenpidepyynto",
                  "kysely"
                ]
              },
              "yhteydenottopyynto": {
                "id": "urn:harja/ilmoitukset/0/ilmoitus/yhteydenottopyynto",
                "type": "boolean",
                "required": true
              },
              "ilmoittaja": {
                "id": "urn:harja/ilmoitukset/0/ilmoitus/ilmoittaja",
                "type": "object",
                "additionalProperties": false,
                "$ref": "file:resources/api/schemas/entities/henkilo.schema.json",
                "required": true
              },
              "lahettaja": {
                "id": "urn:harja/ilmoitukset/0/ilmoitus/lahettaja",
                "type": "object",
                "additionalProperties": false,
                "$ref": "file:resources/api/schemas/entities/henkilo.schema.json",
                "required": true
              },
              "selitteet": {
                "id": "urn:harja/ilmoitukset/0/ilmoitus/seliteet",
                "type": "array",
                "maxItems": 10,
                "additionalProperties": false,
                "items": [
                  {
                    "id": "http://jsonschema.net/seliteet/0",
                    "type": "object",
                    "additionalProperties": false,
                    "properties": {
                      "selite": {
                        "id": "http://jsonschema.net/seliteet/0/selite",
                        "type": "string"
                      }
                    }
                  }
                ]
              },
              "sijainti": {
                "id": "urn:harja/ilmoitukset/0/sijainti",
                "type": "object",
                "additionalProperties": false,
                "$ref": "file:resources/api/schemas/entities/sijainti.schema.json",
                "required": true
              },
              "tienumero": {
                "id": "urn:harja/ilmoitukset/0/tienumero",
                "type": "integer",
                "minimum": 0
              },
              "otsikko": {
                "id": "urn:harja/ilmoitukset/0/ilmoitus/otsikko",
                "type": "string"
              },
              "paikankuvaus": {
                "id": "urn:harja/ilmoitukset/0/ilmoitus/paikankuvaus",
                "type": "string"
              },
              "lisatieto": {
                "id": "urn:harja/ilmoitukset/0/ilmoitus/lisatieto",
                "type": "string"
              }
            }
          }
        }
      }
    }
  }
}
