{
  "$schema": "http://json-schema.org/draft-03/schema#",
  "id": "urn:harja",
  "type": "object",
  "additionalProperties": false,
  "properties": {
    "otsikko": {
      "id": "urn:harja/otsikko",
      "type": "object",
      "additionalProperties": false,
      "$ref": "file:resources/api/schemas/entities/otsikko.schema.json",
      "required": true
    },
    "paivystysidt": {
      "id": "urn:harja/paivystysidt",
      "type": "array",
      "minItems": 1,
      "maxItems": 1000,
      "required": true,
      "items": {
        "type": "integer"
      }
    }
  }
}