{
  "$schema": "http://json-schema.org/draft-03/schema#",
  "id": "urn:harja",
  "type": "object",
  "additionalProperties": false,
  "properties": {
    "id": {
      "id": "urn:harja/id",
      "type": "integer"
    },
    "urakkatyyppi": {
      "id": "urn:harja/urakkatyyppi",
      "type": "object",
      "additionalProperties": false,
      "$ref": "file:resources/api/schemas/entities/urakkatyyppi.schema.json"
    },
    "alkaen": {
      "id": "urn:harja/alkaen",
      "type": "string"
    },
    "paattyen": {
      "id": "urn:harja/paattyen",
      "type": "string"
    },
    "koordinaatit": {
      "id": "urn:harja/koordinaatit",
      "type": "object",
      "additionalProperties": false,
      "$ref": "file:resources/api/schemas/entities/koordinaattisijainti.schema.json"
    },
    "puhelinnumero": {
      "id": "urn:harja/puhelinnumero",
      "type": "string"
    }
  }
}