{
  "$schema": "http://json-schema.org/draft-03/schema#",
  "id": "urn:harja",
  "type": "object",
  "additionalProperties": false,
  "properties": {
    "otsikko": {
      "id": "urn:harja/tiestotarkastuskirjaus",
      "type": "object",
      "additionalProperties": false,
      "$ref": "file:resources/api/schemas/entities/otsikko.schema.json",
      "required": true
    },
    "poikkeamat": {
      "id": "urn:harja/poikkeamat",
      "type": "array",
      "required": true,
      "items": {
        "id": "urn:harja/poikkeamat/0",
        "type": "object",
        "additionalProperties": false,
        "properties": {
          "poikkeama": {
            "id": "urn:harja/poikkeamat/0/poikkeama",
            "type": "object",
            "properties": {
              "tunniste": {
                "id": "urn:harja/tunniste",
                "type": "object",
                "additionalProperties": false,
                "$ref": "file:resources/api/schemas/entities/tunniste.schema.json",
                "required": true
              },
              "raportointi-aika": {
                "id": "urn:harja/poikkeamat/0/poikkeama/raportointi-aika",
                "type": "string",
                "required": true
              },
              "laatija": {
                "id": "urn:harja/poikkeamat/0/poikkeama/laatija",
                "type": "object",
                "additionalProperties": false,
                "$ref": "file:resources/api/schemas/entities/henkilo.schema.json",
                "required": true
              },
              "raporttinumero": {
                "id": "urn:harja/poikkeamat/0/poikkeama/raporttinumero",
                "type": "integer",
                "required": true
              },
              "syy": {
                "id": "urn:harja/poikkeamat/0/poikkeama/syy",
                "type": "string",
                "required": true
              },
              "kuvaus": {
                "id": "urn:harja/poikkeamat/0/poikkeama/kuvaus",
                "type": "string",
                "required": true
              },
              "sijainti": {
                "id": "urn:harja/urakat/0/sopimukset/0/kohteet/0/sijainti",
                "type": "object",
                "additionalProperties": false,
                "$ref": "file:resources/api/schemas/entities/sijainti.schema.json",
                "required": true
              },
              "liitteet": {
                "id": "urn:harja/urakat/0/sopimukset/0/tyot/liitteet",
                "type": "object",
                "additionalProperties": false,
                "$ref": "file:resources/api/schemas/entities/liitteet.schema.json"
              }
            }
          }
        }
      }
    }
  }
}