{
  "$schema": "http://json-schema.org/draft-03/schema#",
  "id": "urn:harja",
  "type": "object",
  "additionalProperties": false,
  "properties": {
    "otsikko": {
      "id": "urn:harja/otsikko",
      "type": "object",
      "additionalProperties": false,
      "$ref": "file:resources/api/schemas/entities/otsikko.schema.json",
      "required": true
    },
    "tielupa": {
      "id": "urn:harja/tielupa",
      "type": "object",
      "additionalProperties": false,
      "required" :true,
      "$ref": "file:resources/api/schemas/entities/tielupa.schema.json"
    }
  }
}
