{
  "$schema": "http://json-schema.org/draft-03/schema#",
  "id": "urn:harja/tiestotarkastuskirjaus",
  "type": "object",
  "additionalProperties": false,
  "properties": {
    "otsikko": {
      "id": "urn:harja/otsikko",
      "type": "object",
      "additionalProperties": false,
      "$ref": "file:resources/api/schemas/entities/otsikko.schema.json",
      "required": true
    },
    "tarkastukset": {
      "id": "urn:harja/tarkastukset",
      "type": "array",
      "maxItems": 2000,
      "items": {
        "id": "urn:harja/tarkastukset/0",
        "type": "object",
        "additionalProperties": false,
        "properties": {
          "tarkastus": {
            "id": "urn:harja/tarkastus",
            "type": "object",
            "additionalProperties": false,
            "$ref": "file:resources/api/schemas/entities/tarkastus.schema.json",
            "required": true
          }
        }
      }
    }
  }
}