{
    "$schema": "http://json-schema.org/draft-03/schema#",
    "id": "urn:harja",
    "type": "object",
    "additionalProperties": false,
    "properties": {
        "turvallisuuspoikkeamat": {
            "id": "urn:harja/turvallisuuspoikkeamat",
            "type": "array",
            "items": {
                "properties": {
                    "poikkeamatoimenpide": {
                        "type": "array",
                        "items": {
                            "type": "object",
                            "properties": {
                                "otsikko": {
                                    "type": "string",
                                    "maxLength": 300,
                                    "description": "Otsikko"
                                },
                                "kuvaus": {
                                    "type": "string",
                                    "maxLength": 5000,
                                    "description": "Kuvaus"
                                },
                                "vastuuhenkilokayttajatunnus": {
                                    "type": "string",
                                    "maxLength": 256,
                                    "description": "Toimenpiteen vastuuhenkilö (käyttäjätunnus)."
                                },
                                "vastuuhenkiloetunimi": {
                                    "type": "string",
                                    "maxLength": 200,
                                    "description": "Toimenpiteen vastuuhenkilön etunimi."
                                },
                                "vastuuhenkilosukunimi": {
                                    "type": "string",
                                    "maxLength": 200,
                                    "description": "Toimenpiteen vastuuhenkilön sukunimi."
                                },
                                "vastuuhenkilosposti": {
                                    "type": "string",
                                    "maxLength": 254,
                                    "description": "Toimenpiteen vastuuhenkilön sähköpostiosoite."
                                },
                                "toteuttaja": {
                                    "type": "string",
                                    "maxLength": 256,
                                    "description": "Toteuttaja"
                                },
                                "toteutus": {
                                    "type": "string",
                                    "maxLength": 5000,
                                    "description": "Toteutus"
                                },
                                "tila": {
                                    "type": "string",
                                    "description": "Tila 0 = Avoin: toimenpide toteuttamatta 1 = Siirretty: toimenpide siirretty esimerkiksi toisen hankkeen tai organisaation toteutettavaksi 2 = Suljettu: toimenpide toteutettu",
                                    "enum": [
                                        "Avoin",
                                        "Siirretty",
                                        "Suljettu"
                                    ]
                                },
                                "pakollinen": {
                                    "description": "Pakollisuus",
                                    "type": "boolean"
                                },
                                "maarapvm": {
                                    "description": "Määräpäivä",
                                    "type": "string"
                                }
                            },
                            "required": [
                                "tila",
                                "vastuuhenkilosposti",
                                "vastuuhenkilosukunimi",
                                "vastuuhenkiloetunimi",
                                "vastuuhenkilokayttajatunnus"
                            ]
                        },
                        "minItems": 0
                    },
                    "tapahtumankasittely": {
                        "type": "object",
                        "properties": {
                            "otsikko": {
                                "type": "string",
                                "maxLength": 400,
                                "description": "Otsikko"
                            },
                            "luontipvm": {
                                "description": "Ilmoituksen kirjauspäivä.",
                                "type": "string"
                            },
                            "ilmoittaja": {
                                "type": "string",
                                "maxLength": 80,
                                "description": "Ilmoituksen laatija"
                            },
                            "ilmoittajaorganisaatio": {
                                "type": "string",
                                "maxLength": 80,
                                "description": "Ilmoituksen laatijan organisaatio"
                            },
                            "vuorossaolija": {
                                "type": "string",
                                "maxLength": 80,
                                "description": "Vuorossa olija Vuorossa olijan nimi, jos eri kuin laatija."
                            },
                            "ilmoitettupoliisille": {
                                "description": "Ilmoitettu poliisille",
                                "type": "boolean"
                            },
                            "tila": {
                                "type": "string",
                                "description": "Poikkeamailmituksen tila.",
                                "enum": [
                                    "Avoin",
                                    "Käsitelty",
                                    "Täydennetty",
                                    "Suljettu",
                                    "Arkistoitu"
                                ]
                            },
                            "lisatiedot": {
                                "type": "string",
                                "maxLength": 2000,
                                "description": "Lisätietoja Mikäli tapahtumaan halutaan liittää enemmän lisätietoa, se voidaan kirjata lisätietoihin, kuten viittaukset muihin selvityksiin, esim. urakoitsijan omaan järjestelmään tehdyn poikkeamailmoituksen numero."
                            }
                        },
                        "required": [
                            "tila"
                        ]
                    },
                    "syytjaseuraukset": {
                        "type": "object",
                        "properties": {
                            "arviosyista": {
                                "type": "string",
                                "maxLength": 2000,
                                "description": "Arvio tapahtumaan johtaneista syistä Kirjataan mahdollisimman tarkasti, mikä aiheutti onnettomuuden tai vaaratilanteen ja miksi se tapahtui. Kirjauksessa tulee käydä esille mitkä koneet, laitteet tai materiaalit ovat liittyneet tapahtumaan tai sen syntyyn, ovatko ympäristö, organisaation toiminta- ja johtamistavat tai työmenetelmät vaikuttaneet tapahtumaan tai aiheuttaneet tapahtuman."
                            },
                            "tapahtumaanliittyy": {
                                "type": "array",
                                "items": {
                                    "type": "long",
                                    "description": "Tapahtumaan liittyy 1 = Henkilövahinkoja 2 = Vaarallisia aineita 4 = Kalusto- laite- tai materiaalivahinkoja 8 = Tietoturvan tai -suojan vaarantuminen",
                                    "enum": [
                                        "Henkilövahinko",
                                        "Vaarallinen aine",
                                        "Kalusto- tai materiaalivahinko",
                                        "Tietoturva- tai tietosuoja vaarantunut"
                                    ]
                                },
                                "minItems": 0
                            },
                            "seuraukset": {
                                "type": "string",
                                "maxLength": 2000,
                                "description": "Aiheutuneet seuraukset Kirjataan tarkasti tapahtumasta tai vaaratilanteesta aiheutuneet seuraukset (vahingot)."
                            },
                            "liikennekatkonkesto": {
                                "type": "integer",
                                "minimum": 0,
                                "exclusiveMinimum": false,
                                "description": "Liikennekatkon kesto tunteina"
                            },
                            "tehtava": {
                                "type": "string",
                                "maxLength": 2000,
                                "description": "Kirjataan tarkasti, mitä oltiin tekemässä."
                            },
                            "ammatti": {
                                "description": "Tekijän ammatti.",
                                "type": "string",
                                "maxLength": 200
                            },
                            "ammattimuutarkenne": {
                                "type": "string",
                                "maxLength": 200,
                                "description": "Ammatti-kentän tarkenne Tämä kenttä on käytössä, jos ammatti-kentän arvo on \"Muu työntekijä\""
                            },
                            "vammanlaatu": {
                                "description": "Aiheutuneen vamman laatu. Otetaan poikkeuksellisesti array muodossa vammat mukaan.",
                                "type": "array",
                                "items": {
                                    "type": "string",
                                    "enum": [
                                        "Haavat ja pinnalliset vammat",
                                        "Luunmurtumat",
                                        "Sijoiltaan menot, nyrjahdykset ja venahdykset",
                                        "Amputoitumiset ja irti repeamiset",
                                        "Tärähdykset ja sisaiset vammat/ruhjevammat",
                                        "Palovammat, syöpymät ja paleltumat",
                                        "Myrkytykset ja tulehdukset",
                                        "Hukkuminen ja tukehtuminen",
                                        "Äänen ja värähtelyn vaikutukset",
                                        "Äärilampotilojen valon ja säteilyn vaikutukset",
                                        "Sokki",
                                        "Useita samantasoisia vammoja",
                                        "Muut",
                                        "Ei tietoa"
                                    ]
                                }
                            },
                            "vahingoittunutruumiinosa": {
                                "description": "Vahingoittunut ruumiinosa.",
                                "type": "string",
                                "enum": [
                                    "Pään alue",
                                    "Silmät",
                                    "Niska ja kaula",
                                    "Selkä",
                                    "Vartalo",
                                    "Sormi/kammen",
                                    "Ranne",
                                    "Muu käsi",
                                    "Nilkka",
                                    "Jalkaterä ja varvas",
                                    "Muu jalka",
                                    "Koko keho",
                                    "Ei tietoa"
                                ]
                            },
                            "sairauspoissaolot": {
                                "type": "integer",
                                "minimum": 0,
                                "exclusiveMinimum": false,
                                "description": "Sairauspoissaolopäivien lukumäärä."
                            },
                            "sairauspoissaolojatkuu": {
                                "description": "Jatkuuko sairauspoissaolo edelleen.",
                                "type": "boolean"
                            },
                            "sairaalahoitovuorokaudet": {
                                "type": "integer",
                                "minimum": 0,
                                "exclusiveMinimum": false,
                                "description": "Sairaalahoitovuorokausien lukumäärä."
                            },
                            "juurisyy1": {
                                "description": "Poikkeaman 1. juurisyy",
                                "type": "string",
                                "enum": [
                                    "Puutteelliset henkilönsuojaimet",
                                    "Puutteelliset työvälineet tai koneet",
                                    "Puutteellinen järjestys tai siisteys",
                                    "Puutteellinen pätevyys tai kelpoisuus",
                                    "Puutteellinen tai puuttuva ohjeistus tai perehdytys",
                                    "Ohjeiden vastainen toiminta tai riskinotto",
                                    "Työmaan ulkopuolinen tekijä tai olosuhde",
                                    "Muu"
                                ]
                            },
                            "juurisyy1selite": {
                                "type": "string",
                                "maxLength": 200,
                                "description": "Juurisyyn 1. juurisyyn selite."
                            },
                            "juurisyy2": {
                                "description": "Poikkeaman 2. juurisyy",
                                "type": "string",
                                "enum": [
                                    "Puutteelliset henkilönsuojaimet",
                                    "Puutteelliset työvälineet tai koneet",
                                    "Puutteellinen järjestys tai siisteys",
                                    "Puutteellinen pätevyys tai kelpoisuus",
                                    "Puutteellinen tai puuttuva ohjeistus tai perehdytys",
                                    "Ohjeiden vastainen toiminta tai riskinotto",
                                    "Työmaan ulkopuolinen tekijä tai olosuhde",
                                    "Muu"
                                ]
                            },
                            "juurisyy2selite": {
                                "type": "string",
                                "maxLength": 200,
                                "description": "Juurisyyn 2 selite."
                            },
                            "juurisyy3": {
                                "description": "Poikkeaman 3. juurisyy",
                                "type": "string",
                                "enum": [
                                    "Puutteelliset henkilönsuojaimet",
                                    "Puutteelliset työvälineet tai koneet",
                                    "Puutteellinen järjestys tai siisteys",
                                    "Puutteellinen pätevyys tai kelpoisuus",
                                    "Puutteellinen tai puuttuva ohjeistus tai perehdytys",
                                    "Ohjeiden vastainen toiminta tai riskinotto",
                                    "Työmaan ulkopuolinen tekijä tai olosuhde",
                                    "Muu"
                                ]
                            },
                            "juurisyy3selite": {
                                "type": "string",
                                "maxLength": 200,
                                "description": "Juurisyyn 3 selite."
                            },
                            "toimenpiteet": {
                                "type": "string",
                                "maxLength": 2000,
                                "description": "Korjaavat toimenpiteet Tehtävät ja/tai korjaavat toimenpiteet, joita havainnon kirjaaja esittää poikkeaman käsittelyn pohjaksi."
                            }
                        }
                    },
                    "tapahtumapaikka": {
                        "type": "object",
                        "properties": {
                            "tapahtumapaikkaradalla": {
                                "type": "string",
                                "description": "Tapahtumapaikka radalla 1 = Tapahtui liikennepaikalla 2 = Tapahtui liikennepaikkojen välillä 3 = Tapahtui muualla kuin liikennepaikalla tai liikennepaikkavälillä",
                                "enum": [
                                    "Tapahtui liikennepaikalla",
                                    "Tapahtui liikennepaikkojen välillä",
                                    "Tapahtui muualla"
                                ]
                            },
                            "ratapaikka": {
                                "description": "Rataosan, liikennepaikan, tai liikennepaikanosan koodi.",
                                "type": "ratapaikkaType"
                            },
                            "paikantarkenne": {
                                "type": "String",
                                "description": "Tarkempi tapahtumapaikka 1 = Ratapiha 2 = Rata-alue 4 = Lastausalue 8 = Asemalaituri 16 = Piha-alue 32 = Tiealue 64 = Junakalusto 128 = Terminaali 256 = Halli 512 = Asema 1024 = Tuotantolaitos 2048 = Työmaa 4096 = Tieliikenneajoneuvo 8192 = Asiakkaan tilat 16384 = Ravintola/kioski 32768 = Toimisto",
                                "enum": [
                                    "Ratapiha",
                                    "Rata-alue",
                                    "Lastausalue",
                                    "Asemalaituri",
                                    "Piha-alue",
                                    "Tiealue",
                                    "Junakalusto",
                                    "Terminaali",
                                    "Halli",
                                    "Asema",
                                    "Tuotantolaitos",
                                    "Työmaa",
                                    "Tieliikenneajoneuvo",
                                    "Asiakkaan tilat",
                                    "Ravintola/kioski",
                                    "Toimisto"
                                ]
                            },
                            "kmsijainti": {
                                "type": "integer",
                                "minimum": 0,
                                "exclusiveMinimum": false,
                                "maximum": 9999999,
                                "exclusiveMaximum": false,
                                "description": "Tarkka sijainti ratametreinä, jos tapahtuma tapahtui liikennepaikkojen välillä. Tämä kenttä on käytössä, jos tapahtumapaikkaradalla-kentän arvo on: Tapahtui liikennepaikkojen välillä"
                            },
                            "paikka": {
                                "type": "string",
                                "maxLength": 200,
                                "description": "Tarkempi kuvaus tapahtumapaikasta"
                            },
                            "tapahtumaalue": {
                                "type": "string",
                                "description": "Tapahtuma-alue 1 = Etelä-Suomi 2 = Länsi-Suomi 4 = Itä-Suomi 8 = Pohjois-Suomi",
                                "enum": [
                                    "Etelä-Suomi",
                                    "Länsi-Suomi",
                                    "Itä-Suomi",
                                    "Pohjois-Suomi"
                                ]
                            },
                            "tielet": {
                                "type": "integer",
                                "minimum": 0,
                                "exclusiveMinimum": false
                            },
                            "tieaet": {
                                "type": "integer",
                                "minimum": 0,
                                "exclusiveMinimum": false
                            },
                            "tielosa": {
                                "type": "integer",
                                "minimum": 0,
                                "exclusiveMinimum": false
                            },
                            "tieaosa": {
                                "type": "integer",
                                "minimum": 0,
                                "exclusiveMinimum": false
                            },
                            "tienumero": {
                                "type": "integer",
                                "minimum": 0,
                                "exclusiveMinimum": false
                            },
                            "tienimi": {
                                "type": "string",
                                "maxLength": 200
                            },
                            "eureffine": {
                                "type": "number",
                                "minimum": 0,
                                "exclusiveMinimum": false
                            },
                            "eureffinn": {
                                "type": "number",
                                "minimum": 0,
                                "exclusiveMinimum": false
                            }
                        }
                    },
                    "tapahtumantiedot": {
                        "type": "object",
                        "properties": {
                            "id": {
                                "type": "integer",
                                "minimum": 1,
                                "exclusiveMinimum": false,
                                "description": "Poikkeamailmoituksen yksilöivä tunnistenumero TURI-järjestelmässä."
                            },
                            "sampohankenimi": {
                                "type": "string",
                                "maxLength": 300,
                                "description": "Poikkeamailmoitusta koskevan hankkeen nimi Väyläviraston Sampo-järjestelmässä."
                            },
                            "sampohankeid": {
                                "type": "string",
                                "maxLength": 32,
                                "description": "Poikkeamailmoitusta koskevan hankkeen tunniste Väyläviraston Sampo-järjestelmässä."
                            },
                            "tilaajanvastuuhenkilokayttajatunnus": {
                                "type": "string",
                                "maxLength": 256,
                                "description": "Hankeen tilaajan yhteyshenkilö (käyttäjätunnus)."
                            },
                            "tilaajanvastuuhenkiloetunimi": {
                                "type": "string",
                                "maxLength": 200,
                                "description": "Hankeen tilaajan yhteyshenkilön etunimi.."
                            },
                            "tilaajanvastuuhenkilosukunimi": {
                                "type": "string",
                                "maxLength": 200,
                                "description": "Hankeen tilaajan yhteyshenkilön sukunimi."
                            },
                            "tilaajanvastuuhenkilosposti": {
                                "type": "string",
                                "maxLength": 254,
                                "description": "Hankeen tilaajan yhteyshenkilön sähköpostiosoite."
                            },
                            "sampourakkanimi": {
                                "type": "string",
                                "maxLength": 300,
                                "description": "Poikkeamailmoitusta koskevan urakan nimi Väyläviraston Sampo-järjestelmässä."
                            },
                            "sampourakkaid": {
                                "type": "string",
                                "maxLength": 32,
                                "description": "Poikkeamailmoitusta koskevan urakan tunniste Väyläviraston Sampo-järjestelmässä."
                            },
                            "urakanarvpaattymispvm": {
                                "description": "Urakan arvioitu päättymisajankohta.",
                                "type": "string"
                            },
                            "urakanpaattymispvm": {
                                "description": "Urakan päättymispäivä.",
                                "type": "string"
                            },
                            "urakkavaylamuoto": {
                                "type": "string",
                                "description": "Urakan väylämuoto: tie/rautatie/vesi.",
                                "enum": [
                                    "Tie",
                                    "Rautatie",
                                    "Vesiväylä"
                                ]
                            },
                            "urakkatyyppi": {
                                "type": "string",
                                "description": "Urakan tyyppi.",
                                "enum": [
                                    "hoito",
                                    "paallystys",
                                    "paikkaus",
                                    "tiemerkinta",
                                    "valaistus",
                                    "siltakorjaus",
                                    "tekniset-laitteet",
                                    "vesivayla-hoito",
                                    "vesivayla-ruoppaus",
                                    "vesivayla-turvalaitteiden-korjaus",
                                    "vesivayla-kanavien-hoito",
                                    "vesivayla-kanavien-korjaus",
                                    "kunnossapito-paallysrakenne",
                                    "kunnossapito-sahkorata",
                                    "kunnossapito-turvalaite",
                                    "yllapito"
                                ]
                            },
                            "elyalue": {
                                "type": "string",
                                "description": "ELY-alue.",
                                "enum": [
                                    "UUD ELY",
                                    "VAR ELY",
                                    "PIR ELY",
                                    "KAS ELY",
                                    "KES ELY",
                                    "POS ELY",
                                    "EPO ELY",
                                    "POP ELY",
                                    "LAP ELY",
                                    "KAN ELY",
                                    "SV ELY",
                                    "MV ELY"
                                ]
                            },
                            "alueurakkanro": {
                                "type": "string",
                                "maxLength": 16,
                                "description": "Poikkeamailmoitusta koskevan urakan alueurakkanumero."
                            },
                            "tyyppi": {
                                "type": "array",
                                "items": {
                                    "type": "string",
                                    "description": "Poikkeaman tyyppi. Syötä ilmoitusta koskevan poikkeaman tyyppi (voit valita useita vaihtoehtoja). 8 = Työtapaturma 16 = Muu turvallisuuspoikkeama 32 = Vaaratilanne 64 = Turvallisuushavainto",
                                    "enum": [
                                        "Työtapaturma",
                                        "Muu turvallisuuspoikkeama",
                                        "Vaaratilanne",
                                        "Turvallisuushavainto"
                                    ]
                                }
                            },
                            "tapahtumapvm": {
                                "description": "Tapahtuman päivä. Milloin tapaturma tai vaaratilanne tapahtui.",
                                "type": "string"
                            },
                            "tapahtumaaika": {
                                "description": "Tapahtuman kellonaika.",
                                "type": "string"
                            },
                            "junanumero": {
                                "type": "integer",
                                "minimum": 0,
                                "exclusiveMinimum": false,
                                "description": "Junanumero"
                            },
                            "syy": {
                                "type": "string",
                                "description": "Tapahtuman välitön syy 1 = Tekninen vika 2 = Virheellinen toiminta 4 = Ulkopuolinen syy 8 = Muu syy 16 = Ei tiedossa",
                                "enum": [
                                    "Tekninen vika",
                                    "Virheellinen toiminta",
                                    "Ulkopuolinen syy",
                                    "Muu syy",
                                    "Ei tiedossa"
                                ]
                            },
                            "teknisenviantyyppi": {
                                "type": "string",
                                "description": "Teknisen vian tyyppi 1 = Vika liikkuvassa kalustossa 2 = Vika radassa 4 = Vika turvalaitteissa 8 = Muu tekninen vika Tämä kenttä on käytössä, jos syy-kentän arvo on: Tekninen vika",
                                "enum": [
                                    "Vika liikkuvassa kalustossa",
                                    "Vika radassa",
                                    "Vika turvalaitteissa",
                                    "Muu tekninen vika"
                                ]
                            },
                            "virheentyyppi": {
                                "type": "string",
                                "description": "Virheellisen toiminnan tyyppi 1 = Virhe yksikön kuljettamisessa 2 = Virhe kulkutien turvaamisessa 4 = Virhe ratatyön suojaamisessa 8 = Muu virhetoiminto Tämä kenttä on käytössä, jos syy-kentän arvo on: Virheellinen toiminta",
                                "enum": [
                                    "Virhe yksikön kuljettamisessa",
                                    "Virhe kulkutien turvaamisessa",
                                    "Virhe ratatyön suojaamisessa",
                                    "Muu virhetoiminto"
                                ]
                            },
                            "ulkopuolisensyyntyyppi": {
                                "type": "string",
                                "description": "Ulkopuolisen syyn tyyppi 1 = Tieliikenne 2 = Este radalla 4 = Rikollinen teko 8 = Muu ulkopuolinen syy Tämä kenttä on käytössä, jos syy-kentän arvo on: Ulkopuolinen syy",
                                "enum": [
                                    "Tieliikenne",
                                    "Este radalla",
                                    "Rikollinen teko",
                                    "Muu ulkopuolinen syy"
                                ]
                            },
                            "muunsyynkuvaus": {
                                "type": "string",
                                "maxLength": 200,
                                "description": "Muun syyn kuvaus Tämä kenttä on käytössä, jos syy-kentän arvo on: Muu syy"
                            },
                            "kuvaus": {
                                "type": "string",
                                "maxLength": 2000,
                                "description": "Tapahtuman kuvaus Tämä kenttä on käytössä, jos syy-kentän arvo on: Muu syy"
                            }
                        },
                        "required": [
                            "tapahtumapvm",
                            "kuvaus",
                            "sampourakkaid",
                            "sampourakkanimi",
                            "tilaajanvastuuhenkilosposti",
                            "tilaajanvastuuhenkilosukunimi",
                            "tilaajanvastuuhenkiloetunimi",
                            "tilaajanvastuuhenkilokayttajatunnus",
                            "sampohankeid",
                            "sampohankenimi"
                        ]
                    },
                    "lahde": {
                        "type": "object",
                        "properties": {
                            "lahdejarjestelma": {
                                "type": "string",
                                "maxLength": 300,
                                "description": "Poikkeamailmoituksen lähdejärjestelmä."
                            },
                            "lahdeid": {
                                "type": "string",
                                "maxLength": 10,
                                "description": "Poikkeamailmoituksen tunniste lähdejärjestelmässä."
                            }
                        }
                    },
                    "poikkeamaliite": {
                        "type": "array",
                        "items": {
                            "required": [
                                "tiedosto",
                                "tiedostonimi"
                            ],
                            "type": "object",
                            "properties": {
                                "tiedosto": {
                                    "type": "string",
                                    "description": "Json ei tue base64 enkoodattua dataa. Sen vuoksi sitä ei ole tässä määritelty, mutta tämä tiedosto sisältää base64 enkoodattuna liitetiedoston."
                                },
                                "tiedostonimi": {
                                    "type": "string",
                                    "maxLength": 256
                                }
                            }
                        },
                        "minItems": 0
                    }
                },
                "definitions": {
                    "ratapaikkaType": {
                        "type": "string",
                        "enum": [
                            "yksityisraide",
                            "Äht",
                            "Ahv",
                            "Ajo",
                            "Äki",
                            "Äki-Hpj",
                            "Alh",
                            "Alv",
                            "Äm",
                            "Apt",
                            "Arl",
                            "Aro",
                            "Arp",
                            "Äs",
                            "Atl",
                            "Dmv",
                            "Dra",
                            "Ela",
                            "Eli",
                            "Eno",
                            "Epo",
                            "Epz",
                            "Erv",
                            "Esso",
                            "Ha",
                            "Haa",
                            "Has",
                            "Hau",
                            "Häv",
                            "Hd",
                            "Hek",
                            "Hgs",
                            "Hh",
                            "Hir",
                            "Hj",
                            "Hk",
                            "Hkh",
                            "Hki",
                            "Hki-Ri",
                            "Hki-Tku",
                            "Hko",
                            "Hko-Kll",
                            "Hkp",
                            "Hks",
                            "Hl",
                            "Hls",
                            "Hlt",
                            "Hm",
                            "Hma",
                            "Hmk",
                            "Hna",
                            "Hnh",
                            "Hnk",
                            "Hnkt",
                            "Hno",
                            "Hnv",
                            "Höl",
                            "Hos",
                            "Hp",
                            "Hpj",
                            "Hpk",
                            "Hpk-Jy",
                            "Hpl",
                            "Hpl-Vks",
                            "Hps",
                            "Hr",
                            "Hrv",
                            "Hsi",
                            "Hsl",
                            "Hva",
                            "Hvn",
                            "Hvs",
                            "Hy",
                            "Hy-Kr",
                            "Hys",
                            "Ii",
                            "Ikä",
                            "Iko",
                            "Ikr",
                            "Iky",
                            "Ila",
                            "Ilm",
                            "Ilm-Yv",
                            "Ilo",
                            "Imk",
                            "Imkr",
                            "Imr",
                            "Imt",
                            "Imt-Imkr",
                            "In",
                            "Isg",
                            "Isv",
                            "Ita",
                            "Itr",
                            "Jal",
                            "Jäs",
                            "Jäs-Kla",
                            "Jj",
                            "Jk",
                            "Jki",
                            "Jns",
                            "Jns-Ilo",
                            "Jor",
                            "Jp",
                            "Jpa",
                            "Jr",
                            "Jri",
                            "Jri-Hma",
                            "Jrs",
                            "Jsj",
                            "Jsk",
                            "Jts",
                            "Jut",
                            "Jvs",
                            "Jy",
                            "Jy-Äki",
                            "Jy-Pmt",
                            "Ka",
                            "Kaj",
                            "Kaj-Lam",
                            "Kan",
                            "Kao",
                            "Käp",
                            "Kar",
                            "Kas",
                            "Kau",
                            "Ke",
                            "Kea",
                            "Ke-Hlt",
                            "Kek",
                            "Kem",
                            "Kem-Ajo",
                            "Ker",
                            "Ke-Sld",
                            "Keu",
                            "Ke-Vsa",
                            "Kgs",
                            "Kha",
                            "Khg",
                            "Khi",
                            "Khk",
                            "Kia",
                            "Kiä",
                            "Kii",
                            "Kij",
                            "Kil",
                            "Kiö",
                            "Kis",
                            "Kit",
                            "Kjä",
                            "Kjä-Kls",
                            "Kji",
                            "Kjr",
                            "Kki",
                            "Kki-Pri",
                            "Kki-Rma",
                            "Kkn",
                            "Kko",
                            "Kla",
                            "Klh",
                            "Kli",
                            "Klk",
                            "Kll",
                            "Kln",
                            "Klo",
                            "Klr",
                            "Kls",
                            "Klv",
                            "Kml",
                            "Kmm",
                            "Kn",
                            "Knh",
                            "Kni",
                            "Kns",
                            "Kn-Säk",
                            "Kö",
                            "Koh",
                            "Koi",
                            "Kok",
                            "Kök",
                            "Kok-Yksv",
                            "Kom",
                            "Kon",
                            "Kon-Äm",
                            "Kon-Vur",
                            "Kos",
                            "Kpa",
                            "Kpi",
                            "Kpl",
                            "Kpy",
                            "Kr",
                            "Kra",
                            "Kr-Hnk",
                            "Krm",
                            "Krn",
                            "Krö",
                            "Krr",
                            "Krs",
                            "Kru",
                            "Krv",
                            "Ksa",
                            "Ksi",
                            "Ksk",
                            "Ksu",
                            "Kta",
                            "Kth",
                            "Kti",
                            "Ktn",
                            "Ktp",
                            "Kts",
                            "Ktt",
                            "Ktu",
                            "Ku",
                            "Kua",
                            "Kuk",
                            "Kuo",
                            "Kuot",
                            "Kut",
                            "Kuu",
                            "Kuv",
                            "Kuv-Pmt",
                            "Kv",
                            "Kvh",
                            "Kvj",
                            "Kv-Jns",
                            "Kv-Kts",
                            "Kv-Kuk",
                            "Kvla",
                            "Kvt",
                            "Kvu",
                            "Kvy",
                            "Ky",
                            "Kyn",
                            "Kyt",
                            "Lä",
                            "Laa",
                            "Läh",
                            "Lai",
                            "Lak",
                            "Lam",
                            "Läp",
                            "Lau",
                            "Lä-Vnar",
                            "Lh",
                            "Lh-Ha",
                            "Lh-Lvs",
                            "Lh-Muk",
                            "Lhn",
                            "Li",
                            "Li-Eli",
                            "Lis",
                            "Lis-Pas",
                            "Lk",
                            "Lka",
                            "Lkl",
                            "Lla",
                            "Lla-Kjä",
                            "Lla-Trr",
                            "Llh",
                            "Llh-Kki",
                            "Lm",
                            "Lma",
                            "Lmk",
                            "Lna",
                            "Lo",
                            "Loh",
                            "Loj",
                            "Lol",
                            "Lo-Loj",
                            "Lpa",
                            "Lpä",
                            "Lpj",
                            "Lpn",
                            "Lpo",
                            "Lpr",
                            "Lpv",
                            "Lr",
                            "Lr-Mst",
                            "Lrs",
                            "Ltk",
                            "Lts",
                            "Lui",
                            "Luo",
                            "Lus",
                            "Lvs",
                            "Lvt",
                            "Lyö",
                            "Mäk",
                            "Män",
                            "Mas",
                            "Mat",
                            "Md",
                            "Mel",
                            "Mh",
                            "Mi",
                            "Mis",
                            "Mjj",
                            "Mka",
                            "Mki",
                            "Mko",
                            "Ml",
                            "Mla",
                            "Mlä",
                            "Mlk",
                            "Mlo",
                            "Mn",
                            "Mne",
                            "Mnk",
                            "Mn-Tko",
                            "Mr",
                            "Mri",
                            "Mrk",
                            "Mrl",
                            "Msä",
                            "Mso",
                            "Mst",
                            "Mtv",
                            "Muk",
                            "Mul",
                            "Mur",
                            "Mur-Otm",
                            "Mur-Tlv",
                            "Muu",
                            "My",
                            "Myl",
                            "Myn",
                            "Myr",
                            "Mys",
                            "Myt",
                            "Myt-Rst",
                            "Nal",
                            "När",
                            "Nii",
                            "Nlä",
                            "Nm",
                            "Nmä",
                            "Nmp",
                            "Nnl",
                            "Nns",
                            "Nns-Pko-Kiö",
                            "Noa",
                            "Nok",
                            "Nok-Lla",
                            "Nri",
                            "Nrl",
                            "Nrlr",
                            "Nrlr-Sä",
                            "Nrm",
                            "Nrm-Kon",
                            "Nsl",
                            "Nth",
                            "Nup",
                            "Nvl",
                            "Ohm",
                            "Oi",
                            "Ol",
                            "Olk",
                            "Ol-Kon",
                            "Olli",
                            "Olli-Prv",
                            "Olt",
                            "Om",
                            "Ont",
                            "Ori",
                            "Ot",
                            "Otm",
                            "Ot-Ots",
                            "Ots",
                            "Ou",
                            "Ov",
                            "Ovk",
                            "Ov-Sk",
                            "Pa",
                            "Par",
                            "Pas",
                            "Pel",
                            "Ph",
                            "Phä",
                            "Pik",
                            "Pjm",
                            "Pkk",
                            "Pkl",
                            "Pko",
                            "Pku",
                            "Pky",
                            "Pky-Par",
                            "Pl",
                            "Pla",
                            "Plp",
                            "Plt",
                            "Plu",
                            "Pm",
                            "Pmi",
                            "Pmk",
                            "Pm-Kon",
                            "Pmla",
                            "Pm-Sul",
                            "Pmt",
                            "Pnä",
                            "Pna-Pts",
                            "Po",
                            "Poh",
                            "Poi",
                            "Por",
                            "Pp",
                            "Pri",
                            "Pri-Mn",
                            "Pri-Rsn",
                            "Prl",
                            "Prv",
                            "Psj",
                            "Psk",
                            "Psl",
                            "Pslt",
                            "Pti",
                            "Pto",
                            "Pts",
                            "Pts-Alh",
                            "Pun",
                            "Pur",
                            "Pus",
                            "Pvi",
                            "Pye",
                            "Pye-Pyk",
                            "Pyk",
                            "Rah",
                            "Rai",
                            "Rai-Nnl",
                            "Ras",
                            "Rat",
                            "Ree",
                            "Rha",
                            "Rhe",
                            "Rhe-Rat",
                            "Rhl",
                            "Ri",
                            "Rila",
                            "Rio",
                            "Rit",
                            "Rit-Kuv",
                            "Rit-Tpe",
                            "Rjä",
                            "Rjp",
                            "Rjr",
                            "Rjv",
                            "Rki",
                            "Rkl",
                            "Rlä",
                            "Rm",
                            "Rma",
                            "Rmi",
                            "Rnn",
                            "Roi",
                            "Röy",
                            "Rpa",
                            "Rph",
                            "Rpo",
                            "Rsn",
                            "Rst",
                            "Ry",
                            "Sä",
                            "Saa",
                            "Säk",
                            "Sam",
                            "Sau",
                            "Sav",
                            "Sgy",
                            "Sij",
                            "Sij-Vnj",
                            "Sim",
                            "Sip",
                            "Siu",
                            "Sj",
                            "Sk",
                            "Skä",
                            "Ski",
                            "Skm",
                            "Skt",
                            "Skt-Ksk",
                            "Skt-Ol",
                            "Skt-Vs",
                            "Skv",
                            "Sld",
                            "Sll",
                            "Sln",
                            "Slo",
                            "Smä",
                            "Smj",
                            "Smj-Vns",
                            "Smv",
                            "Snj",
                            "Snj-Isv",
                            "Snm",
                            "Soa",
                            "Sor",
                            "Spä",
                            "Spj",
                            "Spl",
                            "Sr",
                            "Srj",
                            "Sta",
                            "Sti",
                            "Stö",
                            "Sul",
                            "Sul-Nrm",
                            "Suo",
                            "Svi",
                            "Syr",
                            "Ta",
                            "Tap",
                            "Te",
                            "Tja",
                            "Tja-Rhe",
                            "Tk",
                            "Tkk",
                            "Tkl",
                            "Tko",
                            "Tku",
                            "Tkut",
                            "Tku-Ukp",
                            "Tl",
                            "Tl-Tku",
                            "Tlv",
                            "Tl-Vi",
                            "Tms",
                            "Tmu",
                            "Tna",
                            "Toh",
                            "Toi",
                            "Tol",
                            "Tom",
                            "Tor",
                            "Tör",
                            "Tor-Kli",
                            "Tor-Röy",
                            "Tpe",
                            "Tpe-Jy",
                            "Tpet",
                            "Tpet-Sk",
                            "Tpv",
                            "Trä",
                            "Tri",
                            "Trk",
                            "Trl",
                            "Trr",
                            "Trv",
                            "Tsl",
                            "Tu",
                            "Tua",
                            "Tus",
                            "Tuu",
                            "Tuv",
                            "Tv",
                            "Uim",
                            "Ukä",
                            "Ukp",
                            "Ukp-Hgs",
                            "Ur",
                            "Uti",
                            "Utj",
                            "Vaa",
                            "Var",
                            "Var-Kmm",
                            "Vhj",
                            "Vi",
                            "Via",
                            "Vih",
                            "Vin",
                            "Vjo",
                            "Vjr",
                            "Vk",
                            "Vka",
                            "Vkh",
                            "Vki",
                            "Vko",
                            "Vks",
                            "Vkt",
                            "Vkt-Lhn",
                            "Vlh",
                            "Vlm",
                            "Vlp",
                            "Vlp-Män",
                            "Vma",
                            "Vmo",
                            "Vn",
                            "Vna",
                            "Vnar",
                            "Vnat",
                            "Vnj",
                            "Vns",
                            "Vra",
                            "Vrm",
                            "Vs",
                            "Vsa",
                            "Vsk",
                            "Vsl",
                            "Vso",
                            "Vs-Vsk",
                            "Vt",
                            "Vti",
                            "Vtr",
                            "Vur",
                            "Vus",
                            "Ykst",
                            "Yksv",
                            "Ylk",
                            "Ylö",
                            "Ylv",
                            "Yly",
                            "Ypy",
                            "Yst",
                            "Ytr",
                            "Yv"
                        ]
                    }
                },
                "type": "object",
                "required": [
                    "syytjaseuraukset",
                    "tapahtumapaikka",
                    "tapahtumantiedot",
                    "lahde"
                ],
                "$schema": "http://json-schema.org/draft-03/schema#"
            }
        }
    }
}
