{
  "$schema": "http://json-schema.org/draft-03/schema#",
  "id": "urn:harja",
  "type": "object",
  "additionalProperties": false,
  "properties": {
    "otsikko": {
      "id": "urn:harja/otsikko",
      "type": "object",
      "additionalProperties": false,
      "$ref": "file:resources/api/schemas/entities/otsikko.schema.json",
      "required": true
    },
    "havainnot": {
      "id": "urn:harja/havainnot",
      "type": "array",
      "maxItems": 1000,
      "required": true,
      "items": {
        "id": "http://example.com/item-schema",
        "type": "object",
        "additionalProperties": false,
        "properties": {
          "havainto": {
            "id": "urn:harja/havainnot/0",
            "type": "object",
            "required": true,
            "properties": {
              "tyokone": {
                "id": "urn:harja/havainnot/0/tyokone",
                "type": "object",
                "additionalProperties": false,
                "required": true,
                "properties": {
                  "id": {
                    "id": "urn:harja/havainnot/0/tyokone/id",
                    "type": "integer",
                    "required": true
                  },
                  "tyokonetyyppi": {
                    "id": "urn:harja/havainnot/0/tyokone/tyyppi",
                    "type": "string",
                    "required": true
                  }
                }
              },
              "sijainti": {
                "id": "urn:harja/havainnot/0/sijainti",
                "type": "object",
                "additionalProperties": false,
                "$ref": "file:resources/api/schemas/entities/sijainti.schema.json",
                "required": true
              },
              "suunta": {
                "id": "urn:harja/havainnot/0/suunta",
                "type": "number"
              },
              "urakkaid": {
                "id": "urn:harja/havainnot/0/urakkaid",
                "type": "integer"
              },
              "havaintoaika": {
                "id": "urn:harja/havainnot/0/havaintoaika",
                "type": "string",
                "format": "date-time",
                "required": true
              },
              "suoritettavatTehtavat": {
                "id": "urn:harja/havainnot/0/tyokonetehtava",
                "type": "array",
                "maxItems": 10,
                "items": {
                  "enum": [
                    "auraus ja sohjonpoisto",
                    "suolaus",
                    "liuossuolaus",
                    "pistehiekoitus",
                    "linjahiekoitus",
                    "pinnan tasaus",
                    "aurausviitoitus ja kinostimet",
                    "liikennemerkkien puhdistus",
                    "lumivallien madaltaminen",
                    "lumensiirto",
                    "sulamisveden haittojen torjunta",
                    "tiestotarkastus",
                    "kelintarkastus",
                    "harjaus",
                    "koneellinen niitto",
                    "koneellinen vesakonraivaus",
                    "sorateiden muokkaushoylays",
                    "sorateiden polynsidonta",
                    "sorateiden tasaus",
                    "sorastus",
                    "paallysteiden paikkaus",
                    "paallysteiden juotostyot",
                    "paannejaan poisto",
                    "siltojen puhdistus",
                    "l- ja p-alueiden puhdistus",
                    "muu"
                  ]
                }
              }
            }
          }
        }
      }
    }
  }
}