{
  "$schema": "http://json-schema.org/draft-03/schema#",
  "id": "urn:harja",
  "type": "object",
  "additionalProperties": false,
  "properties": {
    "otsikko": {
      "id": "urn:harja/otsikko",
      "type": "object",
      "additionalProperties": false,
      "$ref": "file:resources/api/schemas/entities/otsikko.schema.json",
      "required": true
    },
    "paivittaja": {
      "id": "urn:harja/lisaaVaruste/lisaaja",
      "type": "object",
      "$ref": "file:resources/api/schemas/entities/suorittaja.schema.json",
      "required": true
    },
    "varuste": {
      "id": "urn:harja/tietue",
      "type": "object",
      "additionalProperties": false,
      "$ref": "file:resources/api/schemas/entities/tietue.schema.json",
      "required": true
    },
    "paivitetty": {
      "id": "urn:harja/paivitetty",
      "type": "string",
      "format": "date-time",
      "additionalProperties": false,
      "required": true
    }
  }
}