{
  "$schema": "http://json-schema.org/draft-03/schema#",
  "id": "urn:harja",
  "type": "object",
  "additionalProperties": false,
  "properties": {
    "otsikko": {
      "id": "urn:harja/tiestotarkastuskirjaus",
      "type": "object",
      "additionalProperties": false,
      "$ref": "file:resources/api/schemas/entities/otsikko.schema.json",
      "required": true
    },
    "varustetoteuma": {
      "id": "urn:harja/varustetoteuma",
      "type": "object",
      "additionalProperties": false,
      "required": true,
      "properties": {
        "toteuma": {
          "id": "urn:harja/varustetoteuma/toteuma",
          "type": "object",
          "additionalProperties": false,
          "required": true,
          "$ref": "file:resources/api/schemas/entities/toteuma.schema.json"
        },
        "sijainti": {
          "id": "urn:harja/ilmoitukset/0/sijainti",
          "type": "object",
          "additionalProperties": false,
          "$ref": "file:resources/api/schemas/entities/sijainti.schema.json",
          "required": true
        },
        "varuste": {
          "id": "urn:harja/ilmoitukset/0/varustetoteuma",
          "type": "object",
          "additionalProperties": false,
          "$ref": "file:resources/api/schemas/entities/varustetoteuma.schema.json",
          "required": true
        }
      }
    }
  }
}