{
  "$schema": "http://json-schema.org/draft-03/schema#",
  "id": "urn:harja",
  "type": "object",
  "additionalProperties": false,
  "properties": {
    "varusteet": {
      "id": "urn:harja/varusteet",
      "type": "array",
      "maxItems" : 1000,
      "items": {
        "id": "urn:harja/varusteet/0",
        "type": "object",
        "additionalProperties": false,
        "properties": {
          "varuste": {
            "id": "urn:harja/varuste",
            "type": "object",
            "additionalProperties": false,
            "$ref": "file:resources/api/schemas/entities/varuste.schema.json",
            "required": true
          }
        }
      }
    }
  }
}