{
  "$schema": "http://json-schema.org/draft-07/schema#",
  "type": "object",
  "properties": {
    "tehtavat": {
      "type": "array",
      "items": {
        "type": "object",
        "properties": {
              "id": {
                "type": "integer",
                "description": "Tehtävän id Harjassa."
              },
              "nimi": {
                "type": "string",
                "description": "Tehtävän nimi."
              },
              "toimenpidekoodi": {
                "type": "integer",
                "description": "Sen toimenpiteen toimenpidekoodi Harjassa, johon tehtävä kuuluu."
              },
              "tehtavaryhma": {
                "type": "integer",
                "description": "Sen tehtäväryhmän id Harjassa, johon tehtävä kuuluu."
              },
              "voimassaolo": {
                "type": "object",
                "properties": {
                  "alkuvuosi": {
                    "type": "integer",
                    "description": "Jos tehtävän voimassaolossa on kaikkia urakoita koskevia rajoituksia, ne ilmaistaan voimassaolojaksona (alkuvuosi-loppuvuosi). Jos urakan alkuvuosi osuu voimassaolojakson ajalle, tehtävä on käytössä kyseisessä urakassa."
                  },
                  "loppuvuosi": {
                    "type": "integer",
                    "description": "Jos alkuvuosi tai loppuvuosi puuttuu, tehtävän voimassaolon alkua tai loppua ei ole rajoitettu."
                  }
                }
              },
              "luotu": {
                "type": "string"
              },
              "muokattu": {
                "type": "string"
              },
              "poistettu": {
                "type": "boolean"
              }
            },
          "required": [
            "id",
            "nimi",
            "toimenpidekoodi",
            "poistettu"
          ]
        }
    }
  },
  "required": [
    "tehtavat"
  ]
}
