{
  "$schema": "http://json-schema.org/draft-07/schema#",
  "type": "object",
  "properties": {
    "toimenpiteet": {
      "type": "array",
      "items": {
        "type": "object",
        "properties": {
          "id": {
            "type": "integer",
            "description": "Toimenpiteen id Harjassa."
          },
          "nimi": {
            "type": "string",
            "description": "Toimenpiteen nimi."
          },
          "toimenpidekoodi": {
            "type": "string",
            "description": "Toimenpiteen tunniste eri järjestelmien välillä. Peräisin Samposta"
          },
          "luotu": {
            "type": "string",
            "format": "date-time"
          },
          "muokattu": {
            "type": "string",
            "format": "date-time"
          },
          "poistettu": {
            "type": "boolean"
          }
        },
        "required": [
          "id",
          "nimi",
          "toimenpidekoodi",
          "poistettu"
        ]
      }
    }
  },
  "required": [
    "toimenpiteet"
  ]
}
