{
  "otsikko": {
    "lahettaja": {
      "jarjestelma": "Urakoitsijan järjestelmä",
      "organisaatio": {
        "nimi": "Urakoitsija",
        "ytunnus": "1234567-8"
      }
    },
    "viestintunniste": {
      "id": 123
    },
    "lahetysaika": "2015-01-30T12:00:00Z"
  },
  "aikataulu": {
    "paallystys-aloitettu": "2015-01-10T12:00:00Z",
    "paallystys-valmis": "2015-01-12T12:00:00Z",
    "valmis-tiemerkintaan": "2015-01-12T14:00:00Z",
    "tiemerkinta-aloitettu": "2015-01-12T16:00:00Z",
    "tiemerkinta-valmis": "2015-01-15T12:00:00Z",
    "kohde-valmis": "2015-01-16T12:00:00Z",
    "paallystysilmoitus": {
      "aloituspvm": "2015-01-10T12:00:00Z",
      "valmispvm-paallystys": "2015-01-12T12:00:00Z",
      "valmispvm-kohde": "2015-01-16T12:00:00Z",
      "takuupvm": "2015-02-15T12:00:00Z"
    }
  }
}