{
  "otsikko": {
    "lahettaja": {
      "jarjestelma": "Urakoitsijan järjestelmä",
      "organisaatio": {
        "nimi": "Urakoitsija",
        "ytunnus": "1234567-8"
      }
    },
    "viestintunniste": {
      "id": 123
    },
    "lahetysaika": "2016-01-30T12:00:00Z"
  },
  "tunniste": {
    "id": 123
  },
  "sijainti": {
    "tie": {
      "numero": 1234,
      "nimi": "Kiviharjunlenkki",
      "aosa": 1,
      "losa": 73,
      "aet": 100,
      "let": 20
    },
    "koordinaatit": {
      "x": 64.91292829999999,
      "y": 25.503484200000003
    }
  },
  "kuvaus": "Aura-auto osui pysäköityyn autoon.",
  "kohde": "test",
  "kirjaaja": {
    "id": 54697481,
    "etunimi": "Ville",
    "sukunimi": "Vaara"
  },
  "paivamaara": "2016-01-30T12:00:00Z",
  "liitteet": [
    {
      "liite": {
        "nimi": "kolari.png",
        "tyyppi": "image/png",
        "kuvaus": "Kuva",
        "sisalto": "... sisältö base64 enkoodattuna  ..."
      }
    }
  ],
  "kommentit": [
    {
      "kommentti": "Kolari johtui siitä, että paikalla ei oltu hiekoitettu tietä."
    }
  ]
}