{
  "ilmoitukset": [
    {
      "ilmoitus": {
        "yhteydenottopyynto": true,
        "tila": "aloitettu",
        "sijainti": {
          "koordinaatit": {
            "x": 293612.517639,
            "y": 6730812.861522
          }
        },
        "ilmoitusid": 12345678,
        "valitetty-harjaan": "2022-04-12T00:04:58Z",
        "ilmoitustyyppi": "tiedoitus",
        "alueurakkanumero": 146,
        "lahettaja": {
          "etunimi": "Tampere",
          "sukunimi": "Liikennekeskus",
          "email": "tampere.liikennekeskus@fintraffic.fi"
        },
        "ilmoitettu": "2022-04-12T00:01:15Z",
        "otsikko": "Urakoitsijaviesti",
        "valitetty-urakkaan": "2022-04-12T00:05:03Z",
        "tunniste": "UV-1212-abc",
        "vastaanotettu-harjaan": "2022-04-12T00:05:03Z",
        "lisatieto": "Kuvaus tilanteesta. Tarkempi sijaintitieto.",
        "selitteet": [
          {
            "selite": "vettaTiella"
          }
        ],
        "aihe": {
          "id": 2,
          "nimi": "Este tai vettä tiellä"
        },
        "tarkenne": {
          "id": 201,
          "nimi": "Vesi nousee tielle"
        },
        "kuittaukset": [
          {
            "kuittaus": {
              "vapaateksti": "",
              "kuittaustyyppi": "aloitus",
              "kuittaajaorganisaatio": {
                "nimi": "Urakoitsija Oy",
                "ytunnus": ""
              },
              "kuitattu": "2022-04-12T03:07:57.549279",
              "kuittaaja": {
                "etunimi": "Maisa",
                "sukunimi": "Urakka"
              },
              "vakiofraasi": "Selvitetään toimenpidetarve"
            }
          },
          {
            "kuittaus": {
              "vapaateksti": "Kuittaukseen liittyvä lisätieto",
              "kuittaustyyppi": "vastaanotto",
              "kuittaajaorganisaatio": {
                "nimi": "Urakoitsija Oy",
                "ytunnus": ""
              },
              "kuitattu": "2022-04-12T03:07:47.649352",
              "kuittaaja": {
                "etunimi": "Tiina",
                "sukunimi": "Urakka"
              },
              "vakiofraasi": ""
            }
          },
          {
            "kuittaus": {
              "vapaateksti": "Kuittaukseen liittyvä lisätieto.",
              "kuittaustyyppi": "valitys",
              "kuittaajaorganisaatio": {
                "ytunnus": ""
              },
              "kuitattu": "2022-04-12T03:05:03.093456",
              "kuittaaja": {
                "etunimi": "Ville",
                "sukunimi": "Urakka"
              },
              "vakiofraasi": ""
            }
          },
          {
            "kuittaus": {
              "vapaateksti": "Kuittaukseen liittyvä lisätieto.",
              "kuittaustyyppi": "valitys",
              "kuittaajaorganisaatio": {
                "ytunnus": ""
              },
              "kuitattu": "2022-04-12T03:05:03.093456",
              "kuittaaja": {
                "etunimi": "Elsa",
                "sukunimi": "Urakka"
              },
              "vakiofraasi": ""
            }
          },
          {
            "kuittaus": {
              "vapaateksti": "Kuittaukseen liittyvä lisätieto.",
              "kuittaustyyppi": "valitys",
              "kuittaajaorganisaatio": {
                "ytunnus": ""
              },
              "kuitattu": "2022-04-12T03:05:03.093456",
              "kuittaaja": {
                "etunimi": "Kerttu",
                "sukunimi": "Urakka"
              },
              "vakiofraasi": ""
            }
          },
          {
            "kuittaus": {
              "vapaateksti": "Kuittaukseen liittyvä lisätieto.",
              "kuittaustyyppi": "valitys",
              "kuittaajaorganisaatio": {
                "ytunnus": ""
              },
              "kuitattu": "2022-04-12T03:05:03.093456",
              "kuittaaja": {
                "etunimi": "Helsinki",
                "sukunimi": "Kelikeskus"
              },
              "vakiofraasi": ""
            }
          },
          {
            "kuittaus": {
              "vapaateksti": "Kuittaukseen liittyvä lisätieto.",
              "kuittaustyyppi": "valitys",
              "kuittaajaorganisaatio": {
                "ytunnus": ""
              },
              "kuitattu": "2022-04-12T03:05:03.093456",
              "kuittaaja": {
                "etunimi": "Jari",
                "sukunimi": "Urakka"
              },
              "vakiofraasi": ""
            }
          }
        ],
        "paikankuvaus": "Tie 123, eli Kotitie, Kotikylä. Tarkempi paikka: Paikasta Kotimäki 3,7 km, suuntaan Kotijoentie. ",
        "ilmoittaja": {
          "sukunimi": "Tienkäyttäjä",
          "etunimi": "Liisa",
          "matkapuhelin": "0401234567"
        }
      }
    }
  ]
}
