{
  "otsikko": {
    "lahettaja": {
      "jarjestelma": "Urakoitsijan järjestelmä",
      "organisaatio": {
        "nimi": "Urakoitsija",
        "ytunnus": "1234567-8"
      }
    },
    "viestintunniste": {
      "id": 123
    },
    "lahetysaika": "2016-01-30T12:00:00Z"
  },
  "ilmoitustoimenpide": {
    "aika": "2016-01-30T12:00:00Z",
    "tyyppi": "vastaanotto",
    "ilmoittaja": {
      "henkilo": {
        "etunimi": "Urho",
        "sukunimi": "Urakoitsija",
        "matkapuhelin": "923458973",
        "tyopuhelin": "94438973",
        "email": "urho.urakoitsija@puulaaki.fi"
      },
      "organisaatio": {
        "nimi": "Puulaaki Oy",
        "ytunnus": "1234567-8"
      }
    },
    "kasittelija": {
      "henkilo": {
        "etunimi": "Antti",
        "sukunimi": "Auraaja",
        "matkapuhelin": "923458973",
        "tyopuhelin": "94438973",
        "email": "antti.auraaja@antinauraus.fi"
      },
      "organisaatio": {
        "nimi": "Antin Auraus Oy",
        "ytunnus": "8765432-1"
      }
    },
    "vapaateksti": "Antin Auraus Oy hoitaa auraustyön."
  }
}