{
  "otsikko": {
    "lahettaja": {
      "jarjestelma": "Urakoitsijan järjestelmä",
      "organisaatio": {
        "nimi": "Urakoitsija",
        "ytunnus": "1234567-8"
      }
    },
    "viestintunniste": {
      "id": 123
    },
    "lahetysaika": "2016-01-30T12:00:00+02:00"
  },
  "tunniste": {
    "id": 123
  },
  "alkusijainti": {
    "x": 430746,
    "y": 7199055
  },
  "kuvaus": "Tie jäi auraamatta.",
  "kohde": "Kempeleessä Zeppelinin ramppi",
  "kirjaaja": {
    "id": 54697481,
    "etunimi": "Ville",
    "sukunimi": "Vaara"
  },
  "aika": "2016-01-30T12:00:00+02:00",
  "liitteet": [
    {
      "liite": {
        "nimi": "kolari.png",
        "tyyppi": "image/png",
        "kuvaus": "Kuva",
        "sisalto": "... sisältö base64 enkoodattuna  ..."
      }
    }
  ],
  "kommentit": [
    {
      "kommentti": "Kolari johtui siitä, että paikalla ei oltu hiekoitettu tietä."
    }
  ]
}