{
  "otsikko": {
    "lahettaja": {
      "jarjestelma": "Urakoitsijan järjestelmä",
      "organisaatio": {
        "nimi": "Urakoitsija",
        "ytunnus": "1234567-8"
      }
    },
    "viestintunniste": {
      "id": 123
    },
    "lahetysaika": "2016-01-30T12:00:00+02:00"
  },
  "suljettu-tieosuus": {
    "id": 1,
    "alkuaidan-sijainti": {
      "koordinaatit": {
        "x": 429005,
        "y": 7198151
      }
    },
    "loppuaidan-sijainti": {
      "koordinaatit": {
        "x": 429005,
        "y": 7198151
      }
    },
    "aika": "2016-01-30T12:00:00+02:00",
    "ajoradat": [
      1,
      2
    ],
    "kaistat": [
      1,
      11
    ]
  }
}