{
  "otsikko": {
    "lahettaja": {
      "jarjestelma": "Urakoitsijan järjestelmä",
      "organisaatio": {
        "nimi": "Urakoitsija",
        "ytunnus": "1234567-8"
      }
    },
    "viestintunniste": {
      "id": 123
    },
    "lahetysaika": "2016-01-30T12:00:00+02:00"
  },
  "tielupa": {
    "perustiedot": {
      "tunniste": {
        "id": 1234
      },
      "tyyppi": "liittymalupa",
      "paatoksen-diaarinumero": "123456789",
      "saapumispvm": "2017-09-22T12:00:00+02:00",
      "myontamispvm": "2018-09-22T12:00:00+02:00",
      "voimassaolon-alkupvm": "2020-09-22T12:00:00+02:00",
      "voimassaolon-loppupvm": "2020-09-22T12:00:00+02:00",
      "otsikko": "Lupa rakentaa uusi liittymä mökkitielle",
      "liite-url": "https://liite.tilu.fi/1234.pdf",
      "katselmus-url": "https://tilu.fi/1234",
      "ely": "Pohjois-Pohjanmaa",
      "alueurakka": ["Oulun alueurakka"],
      "kunta": "Kiiminki",
      "kohteen-lahiosoite": "Tie 123",
      "kohteen-postinumero": "90900",
      "kohteen-postitoimipaikka": "Kiiminki",
      "tien-nimi": "Kuusamontie"
    },
    "sijainnit": [
      {
        "sijainti": {
          "numero": 20,
          "aet": 2631,
          "aosa": 6,
          "ajorata": 0,
          "kaista": 11,
          "puoli:": 0,
          "sijoitus": "oikea"
        }
      }
    ],
    "hakija": {
      "nimi": "Henna Hakija",
      "postiosoite": "Liitintie 1",
      "postinumero": "90900",
      "puhelinnumero": "987-7889087",
      "sahkopostiosoite": "henna.hakija@example.com",
      "tyyppi": "kotitalous"
    },
    "urakoitsija": {
      "nimi": "Puulaaki Oy",
      "yhteyshenkilo": "Yrjänä Yhteyshenkilo",
      "puhelinnumero": "987-7889087",
      "sahkopostiosoite": "yrjana.yhteyshenkilo@example.com"
    },
    "liikenteenohjauksesta-vastaava": {
      "nimi": "Liikenneohjaus Oy",
      "yhteyshenkilo": "Lilli Liikenteenohjaaja",
      "puhelinnumero": "987-7889087",
      "sahkopostiosoite": "lilli.liikenteenohjaaja@example.com"
    },
    "tienpitoviranomainen": {
      "yhteyshenkilo": "Teijo Tienpitäjä",
      "puhelinnumero": "987-7889087",
      "sahkopostiosoite": "teijo.tienpitaja@example.com"
    },
    "valmistumisilmoitus": {
      "vaaditaan": true,
      "palautettu": true,
      "valmistumisilmoitus": "Työt valmistuneet 22.9.2017"
    },
    "liittymalupa": {
      "myonnetty-kauttotarkoitus": "lomakiintiesto",
      "haettu-kayttotarkoitus": {
        "lomakiinteistolle-kulku": true
      },
      "liittyman-siirto": true,
      "tarkoituksen-kuvaus": "Kulku kesämökille",
      "tilapainen": false,
      "sijainnin-kuvaus": "Kiimingin keskustasta 10 km pohjoiseen.",
      "arvioitu-kokonaisliikenne": "22",
      "arvioitu-kuorma-autoliikenne": "5",
      "nykyisen-liittyman-numero": "123",
      "nykyisen-liittyman-paivays": "2011-09-22T12:00:00+02:00",
      "kiinteisto-rn": "12344",
      "muut-kulkuyhteydet": "",
      "valmistumisen-takaraja": "2018-01-01T00:00:00+02:00",
      "kyla": "Kiiminki",
      "liittymaohje": {
        "liittymakaari": 12,
        "leveys-metreissa": 4,
        "rumpu": true,
        "rummun-halkaisija-millimetreissa": 1,
        "rummun-etaisyys-metreissa": 4,
        "odotustila-metreissa": 4,
        "nakemapisteen-etaisyys": 6,
        "liikennemerkit": "Tieviitta",
        "lisaohjeet": ""
      }
    }
  }
}