{
  "otsikko": {
    "lahettaja": {
      "jarjestelma": "Urakoitsijan järjestelmä",
      "organisaatio": {
        "nimi": "Urakoitsija",
        "ytunnus": "1234567-8"
      }
    },
    "viestintunniste": {
      "id": 123
    },
    "lahetysaika": "2016-01-30T12:00:00+02:00"
  },
  "viimeksipaivitetty": "2016-01-30T12:00:00+02:00",
  "turvallisuuspoikkeamat": [
    {
      "tunniste": {
        "id": 123
      },
      "kohde": {
        "sopimusId": 123456789,
        "tehtavaId": 123456789
      },
      "sijainti": {
        "tie": {
          "numero": 1234,
          "nimi": "Kiviharjunlenkki",
          "aosa": 1,
          "losa": 73,
          "aet": 100,
          "let": 20
        },
        "koordinaatit": {
          "x": 64912,
          "y": 7255034
        }
      },
      "vaylamuoto": "tie",
      "luokittelu": [
        "tyotapaturma"
      ],
      "ilmoittaja": {
        "id": 5468135,
        "etunimi": "Veera",
        "sukunimi": "Veistelijä"
      },
      "toteuttaja": "Yritys Oy",
      "tilaaja": "Paula Projektipäällikkö",
      "turvallisuuskoordinaattori": {
        "id": 235648,
        "etunimi": "Mikko",
        "sukunimi": "Meikäläinen"
      },
      "otsikko": "Aura-auto suistui tieltä",
      "tapahtumapaivamaara": "2016-01-30T12:00:00+02:00",
      "kasitelty": "2016-01-30T12:00:00+02:00",
      "kuvaus": "Aura-auto suistui tieltä väistäessä jalankulkijaa.",
      "paikan_kuvaus": "Liukas tie keskellä metsää.",
      "vaarallisten_aineiden_kuljetus": true,
      "vaarallisten_aineiden_vuoto": false,
      "henkilovahinko": {
        "tyontekijanammatti": "muu_tyontekija",
        "ammatinselite": "Auraaja",
        "aiheutuneetVammat": [
          "luunmurtumat"
        ],
        "vahingoittuneetRuumiinosat": [
          "selka",
          "vartalo"
        ],
        "sairauspoissaoloJatkuu": true,
        "sairauspoissaolopaivat": 2,
        "sairaalahoitovuorokaudet": 0
      },
      "vahinkoluokittelu": [
        "omaisuusvahinko",
        "henkilovahinko"
      ],
      "vakavuusaste": "vakava",
      "seuraukset": "Kaikki selvisivät hengissä",
      "korjaavatToimenpiteet": [
        {
          "otsikko": "Kaadetaan pensaikko",
          "toteuttaja": "Erkki Esimerkki",
          "kuvaus": "Kaadetaan risteystä pimentävä pensaikko",
          "suoritettu": "2016-01-30T12:00:00+02:00",
          "vastaavahenkilo": {
            "etunimi": "Henri",
            "sukunimi": "Hakkuri"
          }
        }
      ],
      "kommentit": [
        {
          "kommentti": "Kommentin sisältö"
        }
      ],
      "liitteet": [
        {
          "liite": {
            "nimi": "tilanne.png",
            "tyyppi": "image/png",
            "kuvaus": "Kuva tilanteesta",
            "sisalto": "... sisältö base64 enkoodattuna ..."
          }
        }
      ],
      "juurisyy1": {
        "juurisyy": "puutteelliset_henkilonsuojaimet",
        "selite": "Suojaimissa oli vikaa."
      },
      "juurisyy2": {
        "juurisyy": "puutteelliset_tyovalineet_tai_koneet",
        "selite": "Kone oli rikki."
      },
      "juurisyy3": {
        "juurisyy": "muu",
        "selite": "Syyllinen on Joku Muu."
      }
    }
  ]
}
