{
  "otsikko": {
    "lahettaja": {
      "jarjestelma": "Urakoitsijan järjestelmä",
      "organisaatio": {
        "nimi": "Urakoitsija",
        "ytunnus": "1234567-8"
      }
    },
    "viestintunniste": {
      "id": 123
    },
    "lahetysaika": "2016-01-30T12:00:00Z"
  },
  "tunniste": {
    "id": 123
  },
  "viimeksipaivitetty": "2016-01-30T12:00:00Z",
  "turvallisuuspoikkeamat": [
    {
      "tunniste": {
        "id": 123
      },
      "kohde": {
        "sopimusId": 123456789,
        "tehtavaId": 123456789
      },
      "sijainti": {
        "tie": {
          "numero": 1234,
          "nimi": "Kiviharjunlenkki",
          "aosa": 1,
          "losa": 73,
          "aet": 100,
          "let": 20
        },
        "koordinaatit": {
          "x": 64912,
          "y": 7255034
        }
      },
      "vaylamuoto": "tie",
      "luokittelu": ["tyotapaturma"],
      "ilmoittaja": {
        "id":5468135,
        "etunimi": "Veera",
        "sukunimi": "Veistelijä"
      },
      "toteuttaja": "Yritys Oy",
      "tilaaja": "Paula Projektipäällikkö",
      "turvallisuuskoordinaattori": {
        "id":235648,
        "etunimi": "Mikko",
        "sukunimi": "Meikäläinen"
      },
      "laatija": {
        "id" : 654486,
        "etunimi": "Urho",
        "sukunimi": "Urakoitisja"
      },
      "tapahtumapaivamaara": "2016-01-30T12:00:00Z",
      "paattynyt": "2016-01-30T12:00:00Z",
      "kasitelty": "2016-01-30T12:00:00Z",
      "kuvaus": "Aura-auto suistui tieltä väistäessä jalankulkijaa.",
      "henkilovahinko": {
        "tyontekijanammatti": "muu_tyontekija",
        "ammatinselite": "Auraaja",
        "tyotehtava": "Auraus",
        "aiheutuneetVammat": ["luunmurtumat"],
        "vahingoittuneetRuumiinosat": ["selka", "vartalo"],
        "sairauspoissaoloJatkuu": true,
        "sairauspoissaolopaivat": 2,
        "sairaalahoitovuorokaudet": 0
      },
      "vahinkoluokittelu": ["omaisuusvahinko", "henkilovahinko"],
      "vakavuusaste": "vakava",
      "seuraukset": "Kaikki selvisivät hengissä",
      "korjaavatToimenpiteet": [
        {
          "kuvaus": "Kaadetaan risteystä pimentävä pensaikko",
          "suoritettu": "2016-01-30T12:00:00Z",
          "vastaavahenkilo": {
            "etunimi": "Henri",
            "sukunimi": "Hakkuri"
          }
        }
      ],
      "kommentit":[
        {"kommentti": "Kommentin sisältö"}
      ],
      "liitteet": [
        {
          "liite": {
            "nimi": "tilanne.png",
            "tyyppi": "image/png",
            "kuvaus": "Kuva tilanteesta",
            "sisalto": "... sisältö base64 enkoodattuna ..."
          }
        }
      ]
    }
  ]
}
