{
  "otsikko": {
    "lahettaja": {
      "jarjestelma": "Urakoitsijan järjestelmä",
      "organisaatio": {
        "nimi": "Urakoitsija",
        "ytunnus": "2163026-3"
      }
    },
    "viestintunniste": {
      "id": 123
    },
    "lahetysaika": "2019-01-30T12:00:00+02:00"
  },
  "havainnot": [
    {
      "havainto": {
        "tyokone": {
          "id": 123456789,
          "tunnus": "HAI333-Y",
          "tyokonetyyppi": "aura-auto"
        },
        "sijainti": {
          "viivageometria": {
            "type": "LineString",
            "coordinates": [
              [394704.80592965, 6687254.88471977],
              [394706.988958683, 6687250.14563978],
              [394704.960642041, 6687254.57238807],
              [394705.292097285, 6687254.56280763],
              [394705.399364137, 6687254.44827258],
              [394705.074345361, 6687254.68053617],
              [394705.022321063, 6687254.79347449],
              [394705.0775636, 6687254.79187774],
              [394703.508244555, 6687254.05719579],
              [394703.599419955, 6687253.38595279],
              [394703.544177396, 6687253.38754956],
              [394703.547395681, 6687253.49889113],
              [394703.488934838, 6687253.38914632],
              [394703.544177396, 6687253.38754956],
              [394703.540959112, 6687253.27620798],
              [394703.648225952, 6687253.16167287]
            ]
          }
        },
        "suunta": 90,
        "havaintoaika": "2016-01-30T12:00:00+02:00",
        "urakkaid": 4,
        "suoritettavatTehtavat": [
          "auraus ja sohjonpoisto",
          "suolaus"
        ]
      }
    }
  ]
}
