{
  "otsikko": {
    "lahettaja": {
      "jarjestelma": "Urakoitsijan järjestelmä",
      "organisaatio": {
        "nimi": "Urakoitsija",
        "ytunnus": "1234567-8"
      }
    },
    "viestintunniste": {
      "id": 123
    },
    "lahetysaika": "2016-01-30T12:00:00Z"
  },
  "lisaaja": {
    "organisaatio": "Asfaltia Oy",
    "henkilo": {
      "id": 74846,
      "etunimi": "Keijo",
      "sukunimi": "Käsittelijä"
    }
  },
  "varuste": {
    "alkupvm": "2016-05-22T12:00:00Z",
    "tilannepvm": "2016-01-01T00:00:00Z",
    "sijainti": {
      "tie": {
        "numero": 89,
        "aet": 12,
        "aosa": 1,
        "ajr": 0,
        "puoli": 1
      }
    },
    "tietolaji": {
      "tietolajitunniste": "tl505",
      "arvot": "HARJ951547ZK        2                           HARJ951547ZK          01  "
    }
  },
  "lisatty": "2015-05-26T12:00:00Z"
}