{
  "otsikko": {
    "lahettaja": {
      "jarjestelma": "Urakoitsijan järjestelmä",
      "organisaatio": {
        "nimi": "Urakoitsija",
        "ytunnus": "1234567-8"
      }
    },
    "viestintunniste": {
      "id": 123
    },
    "lahetysaika": "2016-04-12T23:20:50+02:00"
  },
  "varusteen-lisays": {
    "lisaaja": {
      "organisaatio": "Asfaltia Oy",
      "henkilo": {
        "id": 74846,
        "etunimi": "Keijo",
        "sukunimi": "Käsittelijä"
      }
    },
    "lisatty": "2016-04-12T23:00:00+02:00",
    "varuste": {
      "tilannepvm": "2016-04-12T23:00:00+02:00",
      "tietue": {
        "alkupvm": "2016-04-12T23:00:00+02:00",
        "sijainti": {
          "tie": {
            "numero": 89,
            "aet": 12,
            "aosa": 1,
            "ajr": 0,
            "puoli": 1
          }
        },
        "tietolaji": {
          "tunniste": "tl506",
          "arvot": {
            "asetusnr": "9987",
            "sivutie": "2",
            "lmala": "2",
            "lmvanha": "0",
            "lmtyyppi": "1",
            "lmkausi": "0",
            "lmkiinnit": "1",
            "lmmater": "1",
            "lmteksti": "Testi liikennemerkki",
            "lmomist": "Omistaja",
            "opastetunn": "",
            "kuntoluokitus": "4",
            "urakka": "400"
          }
        }
      }
    }
  }
}