{
  "otsikko": {
    "lahettaja": {
      "jarjestelma": "Urakoitsijan järjestelmä",
      "organisaatio": {
        "nimi": "Urakoitsija",
        "ytunnus": "1234567-8"
      }
    },
    "viestintunniste": {
      "id": 123
    },
    "lahetysaika": "2015-01-30T12:00:00Z"
  },
  "poistaja": {
    "organisaatio": "Asfaltia Oy",
    "henkilo": {
      "id": 85644,
      "etunimi": "Keijo",
      "sukunimi": "Käsittelijä"
    }
  },
  "tunniste": "HARJ951547ZK",
  "tietolajitunniste": "tl505",
  "poistettu": "2015-05-26T12:00:00Z"
}