{
  "otsikko": {
    "lahettaja": {
      "jarjestelma": "Urakoitsijan järjestelmä",
      "organisaatio": {
        "nimi": "Urakoitsija",
        "ytunnus": "1234567-8"
      }
    },
    "viestintunniste": {
      "id": 123
    },
    "lahetysaika": "2016-01-30T12:00:00Z"
  },
  "varustetoteuma": {
    "toteuma": {
      "tunniste": {
        "id": 3
      },
      "alkanut": "2016-01-30T12:00:00Z",
      "paattynyt": "2016-01-30T12:00:00Z",
      "toteumatyyppi": "yksikkohintainen",
      "sopimusId": 1,
      "suorittaja": {
        "nimi": "Tehotekijät Oy",
        "ytunnus": "8765432-1"
      },
      "tehtavat": [
        {
          "tehtava": {
            "id": 1
          }
        }
      ]
    },
    "sijainti": {
      "koordinaatit": {
        "x": 64912,
        "y": 7255034
      }
    },
    "varuste": {
      "tunniste": "HARJ951547ZK",
      "tietolaji": "tl505",
      "toimenpide": "lisatty",
      "arvot": "HARJ951547ZK        2                           HARJ951547ZK          01  ",
      "tilannepvm": "2016-01-01T00:00:00Z",
      "sijainti": {
        "tie": {
          "numero": 89,
          "aet": 12,
          "aosa": 1,
          "ajr": 0,
          "puoli": 1
        }
      }
    }
  }
}
