{
  "otsikko": {
    "lahettaja": {
      "jarjestelma": "Urakoitsijan järjestelmä",
      "organisaatio": {
        "nimi": "Urakoitsija",
        "ytunnus": "1234567-8"
      }
    },
    "viestintunniste": {
      "id": 123
    },
    "lahetysaika": "2016-04-12T23:20:50+02:00"
  },
  "varusteen-poisto": {
    "poistaja": {
      "organisaatio": "Asfaltia Oy",
      "henkilo": {
        "id": 85644,
        "etunimi": "Keijo",
        "sukunimi": "Käsittelijä"
      }
    },
    "poistettu": "2016-04-12T23:20:50+02:00",
    "tunniste": "HARJ951547",
    "tietolajitunniste": "tl505"
  }
}