{
  "rahavaraukset": [
    {
      "id": 11231,
      "nimi": "Rahavaraus A",
      "tehtavat": [
        1,
        3,
        5,
        10,
        12,
        98
      ],
      "luotu": "2014-01-01T12:00:00Z",
      "muokattu": "2020-01-01T12:00:00Z"
    },
    {
      "id": 11232,
      "nimi": "Rahavaraus D",
      "tehtavat": [
        4,
        7
      ],
      "luotu": "2014-01-01T12:00:00Z"
    },
    {
      "id": 11233,
      "nimi": "Äkilliset hoitotyöt",
      "tehtavat": [
        300,
        301,
        302
      ],
      "luotu": "2014-01-01T12:00:00Z"
    }
  ]
}
