{
  "urakat": [
    {
      "urakka": {
        "tiedot": {
          "id": 123456789,
          "nimi": "Oulun alueurakka",
          "urakoitsija": {
            "ytunnus": "123456-8",
            "nimi": "Asfaltia"
          },
          "vaylamuoto": "tie",
          "tyyppi": "hoito",
          "alkupvm": "2016-01-30T12:00:00+02:00",
          "loppupvm": "2016-01-30T12:00:00+02:00"
        }
      }
    },
    {
      "urakka": {
        "tiedot": {
          "id": 123456789,
          "nimi": "Oulun päällyysteurakka",
          "urakoitsija": {
            "ytunnus": "123456-8",
            "nimi": "Asfaltia"
          },
          "vaylamuoto": "tie",
          "tyyppi": "paallystys",
          "alkupvm": "2016-01-30T12:00:00+02:00",
          "loppupvm": "2016-01-30T12:00:00+02:00"
        }
      }
    }
  ]
}