{
  "otsikko": {
    "lahettaja": {
      "jarjestelma": "Urakoitsijan järjestelmä",
      "organisaatio": {
        "nimi": "Urakoitsija",
        "ytunnus": "1234567-8"
      }
    },
    "viestintunniste": {
      "id": 123
    },
    "lahetysaika": "2015-01-03T12:00:00Z"
  },
  "paivystykset": [
    {
      "paivystys": {
        "id":1234,
        "paivystaja": {
          "id": 454653434,
          "etunimi": "Päivi",
          "sukunimi": "Päivystäjä",
          "email": "paivi.paivystaja@test.i",
          "matkapuhelin": "7849885769",
          "tyopuhelin": "73553",
          "liviTunnus":"LX1234345"
        },
        "alku": "2015-01-30T12:00:00Z",
        "loppu": "2016-01-30T12:00:00Z",
        "vastuuhenkilo": true,
        "varahenkilo": true
      }
    },
    {
      "paivystys": {
        "id":87654,
        "paivystaja": {
          "id": 1123588,
          "etunimi": "Pertti",
          "sukunimi": "Päivystäjä",
          "email": "pertti.paivystaja@foo.bar",
          "matkapuhelin": "0287445698",
          "tyopuhelin": "73553"
        },
        "alku": "2015-01-30T12:00:00Z",
        "loppu": "2016-01-30T12:00:00Z",
        "vastuuhenkilo": false,
        "varahenkilo": true
      }
    }
  ]
}