{
  "otsikko": {
    "lahettaja": {
      "jarjestelma": "Urakoitsijan järjestelmä",
      "organisaatio": {
        "nimi": "Urakoitsija",
        "ytunnus": "1234567-8"
      }
    },
    "viestintunniste": {
      "id": 125
    },
    "lahetysaika": "2016-01-30T12:00:00+02:00"
  },
  "reittitoteuma": {
    "toteuma": {
      "tunniste": {
        "id": 6669
      },
      "suorittaja": {
        "nimi": "Tehotekijät Oy",
        "ytunnus": "8765432-1"
      },
      "sopimusId": 2,
      "alkanut": "2015-02-01T13:00:00+02:00",
      "paattynyt": "2015-02-01T14:05:00+02:00",
      "toteumatyyppi": "kokonaishintainen",
      "tehtavat": [
        {
          "tehtava": {
            "id": 1369,
            "maara": {
              "yksikko": "km",
              "maara": 123
            }
          }
        }
      ],
      "materiaalit": [
        {
          "materiaali": "Talvisuolaliuos NaCl",
          "maara": {
            "yksikko": "kg",
            "maara": 4.62
          }
        }
      ]
    },
      "reitti": [
	  {"reittipiste": {"aika": "2015-02-01T13:00:00+02:00", "koordinaatit": {"x": 405256.88821332855, "y": 7194829.912975263}, "tehtavat": [{"tehtava":{"id":1369}}], "materiaalit": []}},
	  {"reittipiste": {"aika": "2015-02-01T13:01:00+02:00", "koordinaatit": {"x": 406327.006609321, "y": 7194982.787031833}, "tehtavat": [{"tehtava":{"id":1369}}], "materiaalit": []}},
	  {"reittipiste": {"aika": "2015-02-01T13:02:00+02:00", "koordinaatit": {"x": 407320.6879770283, "y": 7194753.475946978}, "tehtavat": [{"tehtava":{"id":1369}}], "materiaalit": []}},
	  {"reittipiste": {"aika": "2015-02-01T13:03:00+02:00", "koordinaatit": {"x": 408085.05825988005, "y": 7194447.727833837}, "tehtavat": [{"tehtava":{"id":1369}}], "materiaalit": []}},
	  {"reittipiste": {"aika": "2015-02-01T13:04:00+02:00", "koordinaatit": {"x": 408849.4285427318, "y": 7194447.727833837}, "tehtavat": [{"tehtava":{"id":1369}}], "materiaalit": []}},
	  {"reittipiste": {"aika": "2015-02-01T13:05:00+02:00", "koordinaatit": {"x": 409995.98396700947, "y": 7194677.038918693}, "tehtavat": [{"tehtava":{"id":1369}}], "materiaalit": []}},
	  {"reittipiste": {"aika": "2015-02-01T13:06:00+02:00", "koordinaatit": {"x": 410913.22830643156, "y": 7194524.164862122}, "tehtavat": [{"tehtava":{"id":1369}}], "materiaalit": []}},
	  {"reittipiste": {"aika": "2015-02-01T13:07:00+02:00", "koordinaatit": {"x": 411830.4726458537, "y": 7194294.853777267}, "tehtavat": [{"tehtava":{"id":1369}}], "materiaalit": []}},
	  {"reittipiste": {"aika": "2015-02-01T13:08:00+02:00", "koordinaatit": {"x": 412441.9688721351, "y": 7193759.79457927}, "tehtavat": [{"tehtava":{"id":1369}}], "materiaalit": []}},
	  {"reittipiste": {"aika": "2015-02-01T13:09:00+02:00", "koordinaatit": {"x": 412977.0280701313, "y": 7193148.298352989}, "tehtavat": [{"tehtava":{"id":1369}}], "materiaalit": []}},
	  {"reittipiste": {"aika": "2015-02-01T13:10:00+02:00", "koordinaatit": {"x": 413741.3983529831, "y": 7191925.305900427}, "tehtavat": [{"tehtava":{"id":1369}}], "materiaalit": []}},
	  {"reittipiste": {"aika": "2015-02-01T13:11:00+02:00", "koordinaatit": {"x": 414582.20566412003, "y": 7191390.24670243}, "tehtavat": [{"tehtava":{"id":1369}}], "materiaalit": []}},
	  {"reittipiste": {"aika": "2015-02-01T13:12:00+02:00", "koordinaatit": {"x": 416263.8202863939, "y": 7190625.876419579}, "tehtavat": [{"tehtava":{"id":1369}}], "materiaalit": []}},
	  {"reittipiste": {"aika": "2015-02-01T13:13:00+02:00", "koordinaatit": {"x": 417410.37571067153, "y": 7189937.943165012}, "tehtavat": [{"tehtava":{"id":1369}}], "materiaalit": []}},
	  {"reittipiste": {"aika": "2015-02-01T13:14:00+02:00", "koordinaatit": {"x": 418021.871936953, "y": 7189479.320995301}, "tehtavat": [{"tehtava":{"id":1369}}], "materiaalit": []}},
	  {"reittipiste": {"aika": "2015-02-01T13:15:00+02:00", "koordinaatit": {"x": 418633.3681632344, "y": 7189479.320995301}, "tehtavat": [{"tehtava":{"id":1369}}], "materiaalit": []}},
	  {"reittipiste": {"aika": "2015-02-01T13:16:00+02:00", "koordinaatit": {"x": 419474.1754743713, "y": 7189479.320995301}, "tehtavat": [{"tehtava":{"id":1369}}], "materiaalit": []}},
	  {"reittipiste": {"aika": "2015-02-01T13:17:00+02:00", "koordinaatit": {"x": 420467.8568420786, "y": 7189173.57288216}, "tehtavat": [{"tehtava":{"id":1369}}], "materiaalit": []}},
	  {"reittipiste": {"aika": "2015-02-01T13:18:00+02:00", "koordinaatit": {"x": 421385.1011815007, "y": 7188791.387740734}, "tehtavat": [{"tehtava":{"id":1369}}], "materiaalit": []}},
	  {"reittipiste": {"aika": "2015-02-01T13:19:00+02:00", "koordinaatit": {"x": 422531.6566057784, "y": 7188714.950712449}, "tehtavat": [{"tehtava":{"id":1369}}], "materiaalit": []}},
	  {"reittipiste": {"aika": "2015-02-01T13:20:00+02:00", "koordinaatit": {"x": 423983.9601431967, "y": 7187950.580429597}, "tehtavat": [{"tehtava":{"id":1369}}], "materiaalit": []}},
	  {"reittipiste": {"aika": "2015-02-01T13:21:00+02:00", "koordinaatit": {"x": 424519.01934119296, "y": 7188027.017457882}, "tehtavat": [{"tehtava":{"id":1369}}], "materiaalit": []}},
	  {"reittipiste": {"aika": "2015-02-01T13:22:00+02:00", "koordinaatit": {"x": 425283.3896240447, "y": 7188485.639627594}, "tehtavat": [{"tehtava":{"id":1369}}], "materiaalit": []}},
	  {"reittipiste": {"aika": "2015-02-01T13:23:00+02:00", "koordinaatit": {"x": 425894.8858503261, "y": 7189097.1358538745}, "tehtavat": [{"tehtava":{"id":1369}}], "materiaalit": []}},
	  {"reittipiste": {"aika": "2015-02-01T13:24:00+02:00", "koordinaatit": {"x": 426506.38207660755, "y": 7189785.0691084415}, "tehtavat": [{"tehtava":{"id":1369}}], "materiaalit": []}},
	  {"reittipiste": {"aika": "2015-02-01T13:25:00+02:00", "koordinaatit": {"x": 426812.13018974825, "y": 7190243.691278152}, "tehtavat": [{"tehtava":{"id":1369}}], "materiaalit": []}},
	  {"reittipiste": {"aika": "2015-02-01T13:26:00+02:00", "koordinaatit": {"x": 427117.87830288894, "y": 7190855.187504434}, "tehtavat": [{"tehtava":{"id":1369}}], "materiaalit": []}},
	  {"reittipiste": {"aika": "2015-02-01T13:27:00+02:00", "koordinaatit": {"x": 427576.5004726, "y": 7191619.557787285}, "tehtavat": [{"tehtava":{"id":1369}}], "materiaalit": []}},
	  {"reittipiste": {"aika": "2015-02-01T13:28:00+02:00", "koordinaatit": {"x": 428035.12264231103, "y": 7192689.676183278}, "tehtavat": [{"tehtava":{"id":1369}}], "materiaalit": []}},
	  {"reittipiste": {"aika": "2015-02-01T13:29:00+02:00", "koordinaatit": {"x": 428417.30778373696, "y": 7193530.483494415}, "tehtavat": [{"tehtava":{"id":1369}}], "materiaalit": []}},
	  {"reittipiste": {"aika": "2015-02-01T13:30:00+02:00", "koordinaatit": {"x": 428417.30778373696, "y": 7194141.979720697}, "tehtavat": [{"tehtava":{"id":1369}}], "materiaalit": []}},
	  {"reittipiste": {"aika": "2015-02-01T13:31:00+02:00", "koordinaatit": {"x": 428952.3669817332, "y": 7194141.979720697}, "tehtavat": [{"tehtava":{"id":1369}}], "materiaalit": []}},
	  {"reittipiste": {"aika": "2015-02-01T13:32:00+02:00", "koordinaatit": {"x": 429181.6780665887, "y": 7194447.727833837}, "tehtavat": [{"tehtava":{"id":1369}}], "materiaalit": []}},
	  {"reittipiste": {"aika": "2015-02-01T13:33:00+02:00", "koordinaatit": {"x": 429334.55212315905, "y": 7195288.5351449745}, "tehtavat": [{"tehtava":{"id":1369}}], "materiaalit": []}},
	  {"reittipiste": {"aika": "2015-02-01T13:34:00+02:00", "koordinaatit": {"x": 429793.1742928701, "y": 7195823.59434297}, "tehtavat": [{"tehtava":{"id":1369}}], "materiaalit": []}},
	  {"reittipiste": {"aika": "2015-02-01T13:35:00+02:00", "koordinaatit": {"x": 429946.04834944045, "y": 7196740.838682393}, "tehtavat": [{"tehtava":{"id":1369}}], "materiaalit": []}},
	  {"reittipiste": {"aika": "2015-02-01T13:36:00+02:00", "koordinaatit": {"x": 429946.04834944045, "y": 7197734.5200501}, "tehtavat": [{"tehtava":{"id":1369}}], "materiaalit": []}}
	  
	  
	  
  	]
	
  }
}
