{
  "otsikko": {
    "lahettaja": {
      "jarjestelma": "Urakoitsijan järjestelmä",
      "organisaatio": {
        "nimi": "Urakoitsija",
        "ytunnus": "1234567-8"
      }
    },
    "viestintunniste": {
      "id": 123
    },
    "lahetysaika": "2016-01-30T12:00:00Z"
  },
  "tarkastukset": [
    {
      "tarkastus": {
        "tunniste": {
          "id": 123
        },
        "tarkastusajo": {
          "id": 123
        },
        "aika": "2015-07-06T15:01:00Z",
        "alkusijainti": {
          "x": 441895,
          "y": 7199136
        },
        "loppusijainti": {
          "x": 442131,
          "y": 7198982
        },
        "tarkastaja": {
          "id": 123,
          "etunimi": "Taneli",
          "sukunimi": "Tarkastaja"
        },
        "havainnot": "Reikä tiessä",
        "liitteet": [
          {
            "liite": {
              "nimi": "reikatiessa.png",
              "tyyppi": "image/png",
              "kuvaus": "Kuva reijästä tiessä",
              "sisalto": "... sisältö base64 enkoodattuna  ..."
            }
          }
        ]
      }
    }
  ]
}