{
  "otsikko": {
    "lahettaja": {
      "jarjestelma": "Urakoitsijan järjestelmä",
      "organisaatio": {
        "nimi": "Urakoitsija",
        "ytunnus": "1234567-8"
      }
    },
    "viestintunniste": {
      "id": 123
    },
    "lahetysaika": "2016-01-30T12:00:00+02:00"
  },
  "havainnot": [
    {
      "havainto": {
        "tyokone": {
          "id": 123456789,
          "tyokonetyyppi": "aura-auto"
        },
        "sijainti": {
          "koordinaatit": {
            "x": 444308,
            "y": 7184125
          }
        },
        "suunta": 90,
        "havaintoaika": "2016-01-30T12:00:00+02:00",
        "urakkaid": 4,
        "suoritettavatTehtavat": [
          "auraus ja sohjonpoisto",
          "suolaus"
        ]
      }
    }
  ]
}
