{
  "otsikko": {
    "lahettaja": {
      "jarjestelma": "Urakoitsijan järjestelmä",
      "organisaatio": {
        "nimi": "Urakoitsija",
        "ytunnus": "1234567-8"
      }
    },
    "viestintunniste": {
      "id": 123
    },
    "lahetysaika": "2016-04-12T23:20+02:00"
  },
  "yllapitokohde": {
    "sijainti": {
      "numero": 20,
      "aosa": 1,
      "aet": 1,
      "losa": 4,
      "let": 100,
      "ajr": 1,
      "kaista": 1
    },
    "alikohteet": [
      {
        "alikohde": {
          "tunniste": {
            "id": 1
          },
          "tunnus": "A",
          "nimi": "1. Testialikohde",
          "sijainti": {
            "numero": 20,
            "aosa": 1,
            "aet": 1,
            "losa": 3,
            "let": 1,
            "ajr": 1,
            "kaista": 1
          },
          "toimenpide": "testitoimenpide"
        }
      },
      {
        "alikohde": {
          "tunniste": {
            "id": 2
          },
          "tunnus": "B",
          "nimi": "2. Testialikohde",
          "sijainti": {
            "numero": 20,
            "aosa": 3,
            "aet": 1,
              "losa": 4,
            "let": 100,
            "ajr": 1,
            "kaista": 1
          },
          "toimenpide": "testitoimenpide"
        }
      }
    ]
  }
}
