{
  "urakka": {
    "tiedot": {
      "id": 123456789,
      "nimi": "Oulun päällyysteurakka",
      "urakoitsija": {
        "ytunnus": "123456-8",
        "nimi": "Asfaltia"
      },
      "vaylamuoto": "tie",
      "tyyppi": "paallystys",
      "alkupvm": "2016-01-30T12:00:00+02:00",
      "loppupvm": "2016-01-30T12:00:00+02:00",
      "alueurakkanumero": "1240"
    },
    "sopimukset": [
      {
        "sopimus": {
          "id": 456789132,
          "nimi": "Kiviharjunlenkin asfaltointi",
          "alkupvm": "2015-01-30T12:00:00+02:00",
          "loppupvm": "2016-01-30T12:00:00+02:00"
        }
      }
    ],
    "materiaalit": [
      {
        "materiaali": {
          "nimi": "Talvisuolaliuos NaCl",
          "yksikko": "t"
        }
      }
    ],
    "tehtavat": {
      "kokonaishintaiset": [
        {
          "tehtava": {
            "id": 1399,
            "selite": "Auraus ja sohjonpoisto",
            "yksikko": "km"
          },
          "tehtava": {
            "id": 1400,
            "selite": "Suolaus",
            "yksikko": "km"
          }
        }
      ],
      "yksikkohintaiset": [
        {
          "tehtava": {
            "id": 1371,
            "selite": "Vesakonraivaus",
            "yksikko": "m2"
          }
        }
      ]
    }
  }
}
