{
  "otsikko": {
    "lahettaja": {
      "jarjestelma": "Urakoitsijan järjestelmä",
      "organisaatio": {
        "nimi": "Urakoitsija",
        "ytunnus": "1234567-8"
      }
    },
    "viestintunniste": {
      "id": 123
    },
    "lahetysaika": "2016-04-12T23:20+02:00"
  },
  "varusteen-paivitys": {
    "paivittaja": {
      "organisaatio": "Asfaltia Oy",
      "henkilo": {
        "id": 74846,
        "etunimi": "Keijo",
        "sukunimi": "Käsittelijä"
      }
    },
    "paivitetty": "2016-04-12T23:20:50+02:00",
    "varuste": {
      "tunniste": "HARJ951547",
      "tilannepvm": "2016-04-12T23:20:50+02:00",
      "tietue": {
        "alkupvm": "2016-04-12T23:20:50+02:00",
        "sijainti": {
          "tie": {
            "numero": 89,
            "aet": 12,
            "aosa": 1,
            "ajr": 0,
            "puoli": 1
          }
        },
        "tietolaji": {
          "tunniste": "tl506",
          "arvot": {
            "LMNUMERO": "9987",
            "SIVUTIE": "2",
            "LMALA": "2",
            "LMVANHA": "0",
            "LMTYYPPI": "1",
            "LMKAUSI": "0",
            "LMKIINNIT": "1",
            "LMMATER": "1",
            "LMTEKSTI": "Testi liikennemerkki",
            "LMOMIST": "Omistaja",
            "OPASTETUNN": "",
            "KUNTOLUOKK": "4",
            "URAKKA": "400"
          }
        }
      }
    }
  }
}