{
  "$schema": "http://json-schema.org/draft-03/schema#",
  "id": "urn:harja",
  "type": "array",
  "items": {
    "id": "urn:harja/materiaalit/0/materiaali",
    "type": "object",
    "properties": {
      "materiaali": {
        "id": "urn:harja/maara/materiaali",
        "enum": [
          "talvisuolaliuosNaCl",
          "talvisuolaliuosCaCl2",
          "erityisalueetNaCl",
          "erityisalueetNaClLiuos",
          "hiekoitushiekka",
          "kaliumformiaatti"
        ]
      },
      "maara": {
        "id": "urn:harja/maarat/0/maara",
        "type": "object",
        "additionalProperties": false,
        "$ref": "file:resources/api/schemas/entities/maara.schema.json"
      }
    }
  }
}