{
  "$schema": "http://json-schema.org/draft-03/schema#",
  "id": "urn:harja",
  "type": "object",
  "properties": {
    "nimi": {
      "id": "urn:harja/nimi",
      "type": "string",
      "required": false
    },
    "numero": {
      "id": "urn:harja/sijainti/tie/numero",
      "type": "integer",
      "required": true
    },
    "aosa": {
      "id": "urn:harja/sijainti/tie/aosa",
      "type": "integer",
      "required": true
    },
    "aet": {
      "id": "urn:harja/sijainti/tie/aet",
      "type": "integer",
      "required": true
    },
    "losa": {
      "id": "urn:harja/sijainti/tie/losa",
      "type": "integer",
      "required": true
    },
    "let": {
      "id": "urn:harja/sijainti/tie/let",
      "type": "integer",
      "required": true
    }
  }
}