{
  "$schema": "http://json-schema.org/draft-03/schema#",
  "id": "urn:harja",
  "type": "object",
  "additionalProperties": false,
  "properties": {
    "tunniste": {
      "id": "urn:harja/tietolaji/tunniste",
      "type": "string",
      "required": true
    },
    "ominaisuudet": {
      "id": "urn:harja/tietolaji/ominaisuudet",
      "type": "array",
      "items": {
        "id": "urn:harja/tietolaji/ominaisuudet/0",
        "type": "object",
        "additionalProperties": false,
        "properties": {
          "ominaisuus": {
            "id": "urn:harja/tietolaji/ominaisuudet/0/ominaisuus",
            "type": "object",
            "additionalProperties": false,
            "properties": {
              "tunniste": {
                "id": "urn:harja/tietolaji/ominaisuudet/0/ominaisuus/tunniste",
                "type": "string",
                "required": true
              },
              "selite": {
                "id": "urn:harja/tietolaji/ominaisuudet/0/ominaisuus/selite",
                "type": "string",
                "required": true
              },
              "tietotyyppi": {
                "id": "urn:harja/tietolaji/ominaisuudet/0/ominaisuus/tietotyyppi",
                "type": "string",
                "required": true
              },
              "pakollinen": {
                "id": "urn:harja/tietolaji/ominaisuudet/0/ominaisuus/pakollinen",
                "type": "boolean"
              },
              "pituus": {
                "id": "urn:harja/tietolaji/ominaisuudet/0/ominaisuus/pituus",
                "type": "integer"
              },
              "koodisto": {
                "id": "urn:harja/tietolaji/ominaisuudet/0/ominaisuus/koodisto",
                "type": "array",
                "items": {
                  "id": "urn:harja/tietolaji/ominaisuudet/0/ominaisuus/koodisto/0",
                  "type": "object",
                  "additionalProperties": false,
                  "properties": {
                    "koodi": {
                      "id": "urn:harja/tietolaji/ominaisuudet/0/ominaisuus/koodisto/0/koodi",
                      "type": "object",
                      "additionalProperties": false,
                      "properties": {
                        "arvo": {
                          "id": "urn:harja/tietolaji/ominaisuudet/0/ominaisuus/koodisto/0/koodi/arvo",
                          "type": "string",
                          "required": true
                        },
                        "selite": {
                          "id": "urn:harja/tietolaji/ominaisuudet/0/ominaisuus/koodisto/0/koodi/selite",
                          "type": "string",
                          "required": true
                        }
                      }
                    }
                  }
                }
              }
            }
          }
        }
      }
    }
  }
}