{
  "$schema": "http://json-schema.org/draft-03/schema#",
  "id": "urn:harja",
  "type": "object",
  "oneOf": [
    {
      "properties": {
        "koordinaatit": {
          "id": "urn:harja/koordinaattisijainti",
          "type": "object",
          "additionalProperties": false,
          "$ref": "file:resources/api/schemas/entities/koordinaattisijainti.schema.json",
          "required": true
        }
      }
    },
    {
      "properties": {
        "viivageometria": {
          "id": "urn:harja/viivageometria",
          "type": "object",
          "additionalProperties": false,
          "$ref": "file:resources/api/schemas/entities/viivageometriasijainti.schema.json",
          "required": true
        }
      }
    }
  ]
}