{"$schema": "http://json-schema.org/draft-03/schema#",
 "id": "urn:harja",
 "type": "object",
 "additionalProperties": false,
 "properties": {
     "x": {
	 "id": "urn:harja/sijainti/koordinaatit/x",
	 "type": "number",
	 "minimum": 60000,
	 "maximum": 736400,
	 "required": true
     },
     "y": {
	 "id": "urn:harja/sijainti/koordinaatit/y",
	 "type": "number",
	 "minimum": 6500000,
	 "maximum": 7800000,
	 "required": true
     },
     "z": {
	 "id": "urn:harja/sijainti/koordinaatit/z",
	 "type": "number"
     }
 }
}
