{
  "$schema": "http://json-schema.org/draft-03/schema#",
  "id": "urn:harja",
  "type": "array",
  "maxItems" : 100,
  "items": {
    "id": "urn:harja/materiaalit/0/materiaali",
    "type": "object",
    "properties": {
      "materiaali": {
        "id": "urn:harja/maara/materiaali",
        "required": true,
        "type": "string"
      },
      "maara": {
        "id": "urn:harja/maarat/0/maara",
        "type": "object",
        "required": true,
        "additionalProperties": false,
        "$ref": "file:resources/api/schemas/entities/maara.schema.json"
      }
    }
  }
}