{
  "$schema": "http://json-schema.org/draft-03/schema#",
  "id": "urn:harja",
  "type": "object",
  "properties": {
    "toteuma": {
      "id": "urn:harja/pistetoteuma/toteuma",
      "type": "object",
      "additionalProperties": false,
      "required": true,
      "$ref": "file:resources/api/schemas/entities/toteuma.schema.json"
    },
    "sijainti": {
      "id": "urn:harja/pistetoteuma/sijainti",
      "required": true,
      "$ref": "file:resources/api/schemas/entities/geometria-sijainti.schema.json"
    },
    "tyokone": {
      "id": "urn:harja/pistetoteuma/tyokone",
      "type": "object",
      "additionalProperties": false,
      "$ref": "file:resources/api/schemas/entities/tyokone.schema.json",
      "required": false
    }
  }
}
