{
  "$schema": "http://json-schema.org/draft-03/schema#",
  "id": "urn:harja",
  "type": "array",
  "maxItems" : 20000,
  "items": {
    "id": "urn:harja/reitti/0",
    "type": "object",
    "additionalProperties": false,
    "properties": {
      "reittipiste": {
        "id": "urn:harja/reitti/0/reittipiste",
        "type": "object",
        "additionalProperties": false,
        "properties": {
          "aika": {
            "id": "urn:harja/reitti/0/aika",
            "type": "string",
            "format": "date-time",
            "required": true
          },
          "koordinaatit": {
            "id": "urn:harja/reitti/0/koordinaattisijainti",
            "type": "object",
            "additionalProperties": false,
            "$ref": "file:resources/api/schemas/entities/koordinaattisijainti.schema.json",
            "required": true
          },
          "tehtavat": {
            "id": "urn:harja/reitti/0/tehtavat/",
            "type": "object",
            "additionalProperties": false,
            "$ref": "file:resources/api/schemas/entities/tehtavat.schema.json"
          },
          "materiaalit": {
            "id": "urn:harja/reitti/0/maarat/",
            "type": "object",
            "additionalProperties": false,
            "$ref": "file:resources/api/schemas/entities/materiaalit.schema.json"
          },
          "havainnot": {
            "id": "urn:harja/reitti/0/havainnot",
            "type": "object",
            "additionalProperties": false,
            "$ref": "file:resources/api/schemas/entities/havainnot.schema.json"
          },
          "mittaustulokset": {
            "id": "urn:harja/mittaustulokset",
            "type": "object",
            "additionalProperties": false,
            "properties": {
              "mittaaja": {
                "id": "urn:harja/mittaustulokset/mittaaja",
                "type": "string",
                "required": true
              },
              "talvihoito": {
                "id": "urn:harja/mittaustulokset/talvihoito",
                "type": "object",
                "additionalProperties": false,
                "properties": {
                  "hoitoluokka": {
                    "id": "urn:harja/mittaustulokset/talvihoito/hoitoluokka",
                    "type": "integer",
                    "required": true
                  },
                  "lumisuus": {
                    "id": "urn:harja/mittaustulokset/talvihoito/lumisuus",
                    "type": "number",
                    "required": true
                  },
                  "tasaisuus": {
                    "id": "urn:harja/mittaustulokset/talvihoito/tasaisuus",
                    "type": "number",
                    "required": true
                  },
                  "kitka": {
                    "id": "urn:harja/mittaustulokset/talvihoito/kitka",
                    "type": "number",
                    "required": true
                  },
                  "lampotila": {
                    "id": "urn:harja/mittaustulokset/talvihoito/lampotila",
                    "type": "number",
                    "required": true
                  },
                  "laatuvirheet": {
                    "id": "urn:harja/mittaustulokset/talvihoito/laatuvirheet",
                    "type": "object",
                    "additionalProperties": false,
                    "required": true,
                    "properties": {
                      "liukkaus": {
                        "id": "urn:harja/mittaustulokset/talvihoito/laatuvirheet/liukkaus",
                        "type": "boolean",
                        "required": true
                      },
                      "lumisuus": {
                        "id": "urn:harja/mittaustulokset/talvihoito/laatuvirheet/lumisuus",
                        "type": "boolean",
                        "required": true
                      },
                      "tasaisuus": {
                        "id": "urn:harja/mittaustulokset/talvihoito/laatuvirheet/tasaisuus",
                        "type": "boolean",
                        "required": true
                      }
                    }
                  }
                }
              },
              "soratie": {
                "id": "urn:harja/soratie",
                "type": "object",
                "properties": {
                  "hoitoluokka": {
                    "id": "urn:harja/soratie/hoitoluokka",
                    "type": "integer",
                    "minimum": 1,
                    "maximum": 2,
                    "required": true
                  },
                  "tasaisuus": {
                    "id": "urn:harja/soratie/tasaisuus",
                    "type": "integer",
                    "required": true,
                    "minimum": 1,
                    "maximum": 5
                  },
                  "kiinteys": {
                    "id": "urn:harja/soratie/kiinteys",
                    "type": "integer",
                    "required": true,
                    "minimum": 1,
                    "maximum": 5
                  },
                  "polyavuus": {
                    "id": "urn:harja/soratie/polyavuus",
                    "type": "integer",
                    "required": true,
                    "minimum": 1,
                    "maximum": 5
                  },
                  "sivukaltevuus": {
                    "id": "urn:harja/soratie/sivukaltevuus",
                    "type": "number",
                    "required": true
                  }
                }
              }
            }
          }
        }
      }
    }
  }
}