{
  "$schema": "http://json-schema.org/draft-03/schema#",
  "id": "urn:harja",
  "type": "object",
  "properties": {
    "id": {
      "id": "urn:harja/tehtava/koodi",
      "type": "integer",
      "required": true
    },
    "maara": {
      "id": "urn:harja/maarat/0/maara",
      "type": "object",
      "additionalProperties": false,
      "$ref": "file:resources/api/schemas/entities/maara.schema.json"
    },
    "selite": {
      "id": "urn:harja/tehtava/selite",
      "type": "string"
    }
  }
}
