{
  "$schema": "http://json-schema.org/draft-03/schema#",
  "id": "urn:harja",
  "type": "object",
  "additionalProperties": false,
  "properties": {
    "tunniste": {
      "id": "urn:harja/tietolaji/tunniste",
      "type": "string",
      "required": true
    },
    "ominaisuudet": {
      "id": "urn:harja/tietolaji/ominaisuudet",
      "type": "array",
      "items": {
        "id": "urn:harja/tietolaji/ominaisuudet/0",
        "type": "object",
        "additionalProperties": false,
        "properties": {
          "ominaisuus": {
            "id": "urn:harja/tietolaji/ominaisuudet/0/ominaisuus",
            "type": "object",
            "additionalProperties": false,
            "properties": {
              "kenttatunniste": {
                "id": "urn:harja/tietolaji/ominaisuudet/0/ominaisuus/kenttatunniste",
                "type": "string",
                "required": true
              },
              "jarjestysnumero": {
                "id": "urn:harja/tietolaji/ominaisuudet/0/ominaisuus/jarjestysnumero",
                "type": "integer",
                "required": false,
                "_comment": "FIXME: jarjestysnumero pakolliseksi. Sonjasta tähän tulee välillä nulleja."
              },
              "pituus": {
                "id": "urn:harja/tietolaji/ominaisuudet/0/ominaisuus/pituus",
                "type": "integer"
              },
              "pakollinen": {
                "id": "urn:harja/tietolaji/ominaisuudet/0/ominaisuus/pakollinen",
                "type": "boolean"
              },
              "selite": {
                "id": "urn:harja/tietolaji/ominaisuudet/0/ominaisuus/selite",
                "type": "string",
                "required": true
              },
              "tietotyyppi": {
                "id": "urn:harja/tietolaji/ominaisuudet/0/ominaisuus/tietotyyppi",
                "required": true,
                "enum": [
                  "merkkijono",
                  "j",
                  "koodisto",
                  "numeerinen",
                  "paivamaara"
                ],
                "_comment": "FIXME: tietotyyppi j tulee Sonjasta mutta vaikuttaa bugilta."
              },
              "desimaalit": {
                "id": "urn:harja/tietolaji/ominaisuudet/0/ominaisuus/desimaalit",
                "type": "integer"
              },
              "alaraja": {
                "id": "urn:harja/tietolaji/ominaisuudet/0/ominaisuus/alaraja",
                "type": "integer"
              },
              "ylaraja": {
                "id": "urn:harja/tietolaji/ominaisuudet/0/ominaisuus/ylaraja",
                "type": "integer"
              },
              "muutospvm": {
                "id": "urn:harja/tietolaji/ominaisuudet/0/ominaisuus/pakollinen",
                "type": "string",
                "format": "date-time"
              },
              "voimassaolo": {
                "id": "urn:harja/tietolaji/ominaisuudet/0/ominaisuus/pakollinen",
                "type": "object",
                "additionalProperties": false,
                "properties": {
                  "alkupvm": {
                    "id": "urn:harja/tietolaji/ominaisuudet/0/ominaisuus/voimassaolo/alkupvm",
                    "type": "string",
                    "format": "date-time"
                  },
                  "loppupvm": {
                    "id": "urn:harja/tietolaji/ominaisuudet/0/ominaisuus/voimassaolo/alkupvm",
                    "type": "string",
                    "format": "date-time"
                  }
                }
              },
              "koodisto": {
                "id": "urn:harja/tietolaji/ominaisuudet/0/ominaisuus/koodisto",
                "type": "array",
                "items": {
                  "id": "urn:harja/tietolaji/ominaisuudet/0/ominaisuus/koodisto/0",
                  "type": "object",
                  "additionalProperties": false,
                  "properties": {
                    "koodiryhma": {
                      "id": "urn:harja/tietolaji/ominaisuudet/0/ominaisuus/koodisto/0/koodi/koodiryhma",
                      "type": "string",
                      "required": true
                    },
                    "koodi": {
                      "id": "urn:harja/tietolaji/ominaisuudet/0/ominaisuus/koodisto/0/koodi/koodi",
                      "type": "integer",
                      "required": true
                    },
                    "lyhenne": {
                      "id": "urn:harja/tietolaji/ominaisuudet/0/ominaisuus/koodisto/0/koodi/lyhenne",
                      "type": "string",
                      "required": true
                    },
                    "selite": {
                      "id": "urn:harja/tietolaji/ominaisuudet/0/ominaisuus/koodisto/0/koodi/selite",
                      "type": "string",
                      "required": true
                    },
                    "muutospvm": {
                      "id": "urn:harja/tietolaji/ominaisuudet/0/ominaisuus/koodisto/0/koodi/muutospvm",
                      "type": "string",
                      "format": "date-time"
                    }
                  }
                }
              }
            }
          }
        }
      }
    }
  }
}