{
  "$schema": "http://json-schema.org/draft-03/schema#",
  "id": "urn:harja",
  "type": "object",
  "additionalProperties": false,
  "properties": {
    "tyyppi": {
      "id": "urn:harja/tyokone/tyyppi",
      "required": true,
      "enum": [
        "Ei ajoneuvoa",
        "Henkilöauto",
        "Huoltoauto",
        "Imulakaisukone",
        "Jalkautuneena",
        "Jyrä",
        "Kaivinkone",
        "Kiinteistötraktori",
        "Kuorma-auto",
        "Levittäjä",
        "Maalausajoneuvo",
        "Muu",
        "Niittolaite",
        "Nostokoriauto",
        "Pakettiauto",
        "Pyörökuormaaja",
        "Tasoleikkuri",
        "Tiehöylä",
        "Traktori",
        "Turva-auto",
        "Työkone"]
    },
    "tunniste": {
      "id": "urn:harja/tyokone/tunniste",
      "required": false,
      "type": "string"
    },
    "lisatieto": {
      "id": "urn:harja/tyokone/lisatieto",
      "required": false,
      "type": "string"
    }
  }
}
