{
    "$schema": "http://json-schema.org/draft-03/schema#",
    "id": "urn:harja",
    "type": "object",
    "additionalProperties": false,
    "properties": {
        "tunniste": {
            "id": "urn:harja/tunniste",
            "type": "object",
            "required": true,
            "properties": {
                "id": {
                    "id": "urn:harja/tunniste/id",
                    "required": true,
                    "description": "Päiväkirjan sivun id urakoitsijan järjestelmässä",
                    "type": "string"
                },
                "versio": {
                    "id": "urn:harja/tunniste/versio",
                    "required": true,
                    "description": "Päiväkirjan versionumero urakoitsijan järjestelmästä, alkaa numerosta 1...n. Nostetaan yhdellä ylöspäin jokaisella päivityskerralla.",
                    "type": "integer"
                },
                "paivamaara": {
                    "id": "urn:harja/tunniste/paivamaara",
                    "required": true,
                    "description": "Työmaapäiväkirjan päivä, jolta päiväkirja on tehty.",
                    "type": "string",
                    "format": "date"
                }
            }
        },
        "saatiedot": {
            "id": "urn:harja/saatiedot",
            "type": "array",
            "minItems": 1,
            "description": "Yleiskuvaus automaattisesti järjestelmistä (Tiesää) klo 2, 8, 14 ja 22 (sateen sadanta kumulatiivinen, ilman- ja tien lämpötila, tuuli) valitulta/valituilta tiesääasemilta (maksimi 5 kpl). Työmaapäiväkirjaan lasketaan kumulatiivinen sadanta kello 00:00 – 24:00 väliseltä ajalta.",
            "items": {
                "id": "urn:harja/saatiedot/0",
                "type": "object",
                "additionalProperties": false,
                "properties": {
                    "saatieto": {
                        "id": "urn:harja/saatiedot/0",
                        "type": "object",
                        "properties": {
                            "havaintoaika": {
                                "id": "urn:harja/saatiedot/0/havaintoaika",
                                "required": true,
                                "type": "string",
                                "format": "date-time"
                            },
                            "aseman-tunniste": {
                                "id": "urn:harja/saatiedot/0/aseman-tunniste",
                                "required": true,
                                "type": "string"
                            },
                            "aseman-tietojen-paivityshetki": {
                                "id": "urn:harja/saatiedot/0/aseman-tietojen-paivityshetki",
                                "required": true,
                                "type": "string",
                                "format": "date-time"
                            },
                            "ilman-lampotila": {
                                "id": "urn:harja/saatiedot/0/ilman-lampotila",
                                "required": true,
                                "type": "number"
                            },
                            "tien-lampotila": {
                                "id": "urn:harja/saatiedot/0/tien-lampotila",
                                "required": false,
                                "type": "number"
                            },
                            "keskituuli": {
                                "id": "urn:harja/saatiedot/0/keskituuli",
                                "required": false,
                                "type": "integer"
                            },
                            "sateen-olomuoto": {
                                "id": "urn:harja/saatiedot/0/sateen-olomuoto",
                                "required": false,
                                "type": "number"
                            },
                            "sadesumma": {
                                "id": "urn:harja/saatiedot/0/sadesumma",
                                "required": false,
                                "type": "integer"
                            }
                        }
                    }
                }
            }
        },
        "poikkeukselliset-saahavainnot": {
            "id": "urn:harja/poikkeukselliset-saahavainnot",
            "type": "array",
            "description": "Poikkeukselliset paikalliset keliolosuhteet (omat havainnot).",
            "items": {
                "id": "urn:harja/poikkeukselliset-saahavainnot/0",
                "type": "object",
                "additionalProperties": false,
                "properties": {
                    "poikkeuksellinen-saahavainto": {
                        "id": "urn:harja/poikkeukselliset-saahavainnot/0",
                        "type": "object",
                        "properties": {
                            "havaintoaika": {
                                "id": "urn:harja/poikkeukselliset-saahavainnot/0/havaintoaika",
                                "required": true,
                                "type": "string",
                                "format": "date-time"
                            },
                            "paikka": {
                                "id": "urn:harja/poikkeukselliset-saahavainnot/0/paikka",
                                "required": true,
                                "type": "string"
                            },
                            "kuvaus": {
                                "id": "urn:harja/poikkeukselliset-saahavainnot/0/kuvaus",
                                "required": true,
                                "type": "string"
                            }
                        }
                    }
                }
            }
        },
        "kaluston-kaytto": {
            "id": "urn:harja/kaluston-kaytto",
            "type": "array",
            "minItems": 1,
            "description": "Resurssien käyttö mitatuilta ajankohdilta, yhdestä työkoneesta tulee yksi merkintä riippumatta töistä mitä suorittaa urakka-alueella. Lisäkaluston käyttö mitatuilta ajankohdilta, yhdestä työkoneesta tulee yksi merkintä riippumatta töistä mitä suorittaa urakka-alueella.",
            "items": {
                "id": "urn:harja/kaluston-kaytto/0",
                "type": "object",
                "additionalProperties": false,
                "properties": {
                    "kalusto": {
                        "id": "urn:harja/kaluston-kaytto/0",
                        "type": "object",
                        "properties": {
                            "aloitus": {
                                "id": "urn:harja/kaluston-kaytto/0/aloitus",
                                "required": true,
                                "type": "string",
                                "format": "date-time"
                            },
                            "lopetus": {
                                "id": "urn:harja/kaluston-kaytto/0/lopetus",
                                "required": true,
                                "type": "string",
                                "format": "date-time"
                            },
                            "tyokoneiden-lkm": {
                                "id": "urn:harja/kaluston-kaytto/0/tyokoneiden-lkm",
                                "required": true,
                                "type": "integer"
                            },
                            "lisakaluston-lkm": {
                                "id": "urn:harja/kaluston-kaytto/0/lisakaluston-lkm",
                                "required": true,
                                "type": "integer"
                            }
                        }
                    }
                }
            }
        },
        "paivystajan-tiedot": {
            "id": "urn:harja/paivystajan-tiedot",
            "type": "array",
            "minItems": 1,
            "description": "Päivystäjän/päivystäjien tiedot.",
            "items": {
                "id": "urn:harja/paivystajan-tiedot/0",
                "type": "object",
                "additionalProperties": false,
                "properties": {
                    "paivystaja": {
                        "id": "urn:harja/paivystajan-tiedot/0",
                        "type": "object",
                        "properties": {
                            "aloitus": {
                                "id": "urn:harja/paivystajan-tiedot/0/aloitus",
                                "required": true,
                                "type": "string",
                                "format": "date-time"
                            },
                            "lopetus": {
                                "id": "urn:harja/paivystajan-tiedot/0/lopetus",
                                "required": false,
                                "type": "string",
                                "format": "date-time"
                            },
                            "nimi": {
                                "id": "urn:harja/paivystajan-tiedot/0/nimi",
                                "required": true,
                                "type": "string"
                            }
                        }
                    }
                }
            }
        },
        "tyonjohtajan-tiedot": {
            "id": "urn:harja/tyonjohtajantiedot",
            "type": "array",
            "description": "Työnjohtajan/Työnjohtajien tiedot.",
            "items": {
                "id": "urn:harja/tyonjohtajan-tiedot/0",
                "type": "object",
                "additionalProperties": false,
                "properties": {
                    "tyonjohtaja": {
                        "id": "urn:harja/tyonjohtajan-tiedot/0",
                        "type": "object",
                        "properties": {
                            "aloitus": {
                                "id": "urn:harja/tyonjohtajan-tiedot/0/aloitus",
                                "required": true,
                                "type": "string",
                                "format": "date-time"
                            },
                            "lopetus": {
                                "id": "urn:harja/tyonjohtajan-tiedot/0/lopetus",
                                "required": false,
                                "type": "string",
                                "format": "date-time"
                            },
                            "nimi": {
                                "id": "urn:harja/tyonjohtajan-tiedot/0/nimi",
                                "required": true,
                                "type": "string"
                            }
                        }
                    }
                }
            }
        },
        "tieston-toimenpiteet": {
            "id": "urn:harja/tieston-toimenpiteet",
            "type": "array",
            "minItems": 1,
            "description": "Yleiskuvaus tärkeimmistä tapahtumista: esim. ”pistehiekoituksia”. Näytetään tehdyt työnimikkeet ilman määriä mitattavilta ajankohdilta.",
            "items": {
                "id": "urn:harja/tieston-toimenpiteet/0",
                "type": "object",
                "additionalProperties": false,
                "properties": {
                    "tieston-toimenpide": {
                        "id": "urn:harja/tieston-toimenpiteet/0",
                        "type": "object",
                        "properties": {
                            "aloitus": {
                                "id": "urn:harja/tieston-toimenpiteet/0/aloitus",
                                "required": true,
                                "type": "string",
                                "format": "date-time"
                            },
                            "lopetus": {
                                "id": "urn:harja/tieston-toimenpiteet/0/lopetus",
                                "required": false,
                                "type": "string",
                                "format": "date-time"
                            },
                            "tehtavat": {
                                "id": "urn:harja/tieston-toimenpiteet/0/tehtavat",
                                "required": true,
                                "type": "array",
                                "items": {
                                    "id": "urn:harja/tieston-toimenpiteet/0/tehtavat/0",
                                    "type": "object",
                                    "additionalProperties": false,
                                    "properties": {
                                        "tehtava": {
                                            "id": "urn:harja/tieston-toimenpiteet/0/tehtavat/0/tehtava",
                                            "type": "object",
                                            "required": true,
                                            "additionalProperties": false,
                                            "properties": {
                                                "id": {
                                                    "id": "urn:harja/tieston-toimenpiteet/0/tehtavat/0/tehtava/0/id",
                                                    "required": true,
                                                    "type": "integer"
                                                }
                                            }
                                        }
                                    }
                                }
                            }
                        }
                    }
                }
            }
        },
        "tieston-muut-toimenpiteet": {
            "id": "urn:harja/tieston-muut-toimenpiteet",
            "type": "array",
            "required": false,
            "description": "Kirjataan tiestölle tehdyt muut toimenpiteet mitattavilta ajankohdilta",
            "items": {
                "id": "urn:harja/tieston-muut-toimenpiteet/0",
                "type": "object",
                "additionalProperties": false,
                "properties": {
                    "tieston-muu-toimenpide": {
                        "id": "urn:harja/tieston-muut-toimenpiteet/0",
                        "type": "object",
                        "properties": {
                            "aloitus": {
                                "id": "urn:harja/tieston-muut-toimenpiteet/0/aloitus",
                                "required": true,
                                "type": "string",
                                "format": "date-time"
                            },
                            "lopetus": {
                                "id": "urn:harja/tieston-muut-toimenpiteet/0/lopetus",
                                "required": false,
                                "type": "string",
                                "format": "date-time"
                            },
                            "tehtavat": {
                                "id": "urn:harja/tieston-muut-toimenpiteet/0/tehtavat",
                                "required": true,
                                "type": "array",
                                "items": {
                                    "id": "urn:harja/tieston-muut-toimenpiteet/0/tehtavat/0",
                                    "type": "object",
                                    "additionalProperties": false,
                                    "properties": {
                                        "tehtava": {
                                            "id": "urn:harja/tieston-muut-toimenpiteet/0/tehtavat/0/tehtava/0",
                                            "type": "object",
                                            "required": true,
                                            "additionalProperties": false,
                                            "properties": {
                                                "kuvaus": {
                                                    "id": "urn:harja/tieston-muut-toimenpiteet/0/tehtavat/0/tehtava/0/kuvaus",
                                                    "required": true,
                                                    "type": "string"
                                                }
                                            }
                                        }
                                    }
                                }
                            }
                        }
                    }
                }
            }
        },
        "liikenteenohjaus-muutokset": {
            "id": "urn:harja/liikenteenohjaus-muutokset",
            "type": "array",
            "required": false,
            "description": "Tilapäiset liikenteenohjaus muutokset (nopeusrajoitus,painorajoitus, kiertotie jne.) Kirjataan päiväkirjaan (yksittäiset erikseen, talviajan nopeus rajoitukset massana, isommat liikenteen ohjaukset liikenteenohjaussuunnitelman mukaan)",
            "items": {
                "id": "urn:harja/liikenteenohjaus-muutokset/0",
                "type": "object",
                "additionalProperties": false,
                "properties": {
                    "liikenteenohjaus-muutos": {
                        "kuvaus": {
                            "id": "urn:harja/liikenteenohjaus-muutokset/0/kuvaus",
                            "required": true,
                            "type": "string"
                        }
                    }
                }
            }
        },
        "onnettomuudet": {
            "id": "urn:harja/onnettomuudet",
            "type": "array",
            "required": false,
            "description": "Tietoon tulleet onnettomuudet, jotka todennäköisesti edellyttävät jälkikäteen tehtävän urakoitsijan selvityksen laatimista (olosuhteet ja toimenpiteet).",
            "items": {
                "id": "urn:harja/onnettomuudet/0",
                "type": "object",
                "additionalProperties": false,
                "properties": {
                    "onnettomuus": {
                        "kuvaus": {
                            "id": "urn:harja/onnettomuudet/0/kuvaus",
                            "required": true,
                            "type": "string"
                        }
                    }
                }
            }
        },
        "viranomaisen-avustaminen": {
            "id": "urn:harja/viranomaisen-avustaminen",
            "type": "array",
            "required": false,
            "description": "Esim. siirtoajoneuvot, vahingonkorvaus. Tähän kommentoidaan onko katselmuksia pidetty.",
            "items": {
                "id": "urn:harja/viranomaisen-avustaminen/0",
                "type": "object",
                "additionalProperties": false,
                "properties": {
                    "viranomaisen-avustus": {
                        "kuvaus": {
                            "id": "urn:harja/viranomaisen-avustaminen/0/kuvaus",
                            "required": true,
                            "type": "string"
                        },
                        "tunnit": {
                            "id": "urn:harja/viranomaisen-avustaminen/0/tunnit",
                            "required": false,
                            "description": "Käytetty aika tunteina kahden desimaalin tarkkuudella",
                            "type": "number"
                        }
                    }
                }
            }
        },
        "palautteet": {
            "id": "urn:harja/palautteet",
            "type": "array",
            "required": false,
            "description": "Asiakkaiden, median yhteydenotot ja palautteet, jotka koskevat tilaajaa (jatkotoimia aiheuttavat). Tässä ei kirjata kaikkia, vaan oleelliset palautteet.",
            "items": {
                "id": "urn:harja/palautteet/0",
                "type": "object",
                "additionalProperties": false,
                "properties": {
                    "palaute": {
                        "id": "urn:harja/palautteet/0",
                        "type": "object",
                        "properties": {
                            "kuvaus": {
                                "id": "urn:harja/palautteet/0/kuvaus",
                                "required": true,
                                "type": "string"
                            }
                        }
                    }
                }
            }
        },
        "muut-kirjaukset": {
            "id": "urn:harja/muut-kirjaukset",
            "type": "object",
            "required": false,
            "description": "Vapaa kenttä muille tarpeellisille kirjauksille.",
            "properties": {
                "kuvaus": {
                    "id": "urn:harja/muut-kirjaukset/kuvaus",
                    "required": true,
                    "type": "string"
                }
            }
        },
        "tilaajan-yhteydenotot": {
            "id": "urn:harja/tilaajan-yhteydenotot",
            "type": "array",
            "required": false,
            "description": "Tilaajan huomautukset työmaapäiväkirjaan.",
            "items": {
                "id": "urn:harja/tilaajan-yhteydenotot/0",
                "type": "object",
                "additionalProperties": false,
                "properties": {
                    "tilaajan-yhteydenotto": {
                        "kuvaus": {
                            "id": "urn:harja/tilaajan-yhteydenotot/kuvaus",
                            "required": true,
                            "type": "string"
                        }
                    }
                }
            }
        }
    }
}
