{
  "$schema": "http://json-schema.org/draft-03/schema#",
  "id": "urn:harja/urakka",
  "type": "object",
  "additionalProperties": false,
  "properties": {
    "urakka": {
      "id": "urn:harja/urakka/urakka",
      "type": "object",
      "additionalProperties": false,
      "properties": {
        "tiedot": {
          "id": "urn:harja/urakka/otsikko",
          "type": "object",
          "additionalProperties": false,
          "$ref": "file:resources/api/schemas/entities/urakka-otsikko.schema.json",
          "required": true
        },
        "sopimukset": {
          "id": "urn:harja/urakka/sopimukset",
          "type": "array",
          "maxItems": 100,
          "items": {
            "id": "urn:harja/urakka/sopimukset/0",
            "type": "object",
            "additionalProperties": false,
            "properties": {
              "sopimus": {
                "id": "urn:harja/urakka/sopimukset/0/sopimus",
                "type": "object",
                "additionalProperties": false,
                "properties": {
                  "id": {
                    "id": "urn:harja/urakka/sopimukset/0/sopimus/id",
                    "type": "integer",
                    "required": true
                  },
                  "nimi": {
                    "id": "urn:harja/urakka/sopimukset/0/sopimus/nimi",
                    "type": "string",
                    "required": true
                  },
                  "alkupvm": {
                    "id": "urn:harja/urakka/sopimukset/0/sopimus/alkupvm",
                    "type": "string",
                    "format": "date-time"
                  },
                  "loppupvm": {
                    "id": "urn:harja/urakka/sopimukset/0/sopimus/loppupvm",
                    "type": "string",
                    "format": "date-time"
                  },
                  "paasopimusId": {
                    "id": "urn:harja/urakka/sopimukset/0/sopimus/paasopimusId",
                    "type": "integer"
                  },
                  "toteumakirjauskohteet": {
                    "id": "urn:harja/urakka/sopimukset/0/sopimus/toteumakirjauskohteet",
                    "type": "object",
                    "additionalProperties": false,
                    "properties": {
                      "kokonaishintaiset": {
                        "id": "urn:harja/urakka/sopimukset/0/sopimus/toteumakirjauskohteet/kokonaishintaiset",
                        "type": "array",
                        "items": {
                          "id": "urn:harja/urakka/sopimukset/0/sopimus/toteumakirjauskohteet/kokonaishintaiset/0",
                          "type": "object",
                          "additionalProperties": false,
                          "properties": {
                            "tehtava": {
                              "id": "urn:harja/urakka/sopimukset/0/sopimus/toteumakirjauskohteet/kokonaishintaiset/0/tehtava",
                              "type": "object",
                              "additionalProperties": false,
                              "required": true,
                              "properties": {
                                "id": {
                                  "id": "urn:harja/urakka/sopimukset/0/sopimus/toteumakirjauskohteet/kokonaishintaiset/0/tehtava/id",
                                  "type": "integer",
                                  "required": true
                                },
                                "selite": {
                                  "id": "urn:harja/urakka/sopimukset/0/sopimus/toteumakirjauskohteet/kokonaishintaiset/0/tehtava/selite",
                                  "type": "string"
                                },
                                "yksikko": {
                                  "id": "urn:harja/urakka/sopimukset/0/sopimus/toteumakirjauskohteet/kokonaishintaiset/0/tehtava/yksikko",
                                  "type": "string"
                                }
                              }
                            }
                          }
                        }
                      },
                      "yksikkohintaiset": {
                        "id": "urn:harja/urakka/sopimukset/0/sopimus/toteumakirjauskohteet/yksikkohintaiset",
                        "type": "array",
                        "items": {
                          "id": "urn:harja/urakka/sopimukset/0/sopimus/toteumakirjauskohteet/yksikkohintaiset/0",
                          "type": "object",
                          "additionalProperties": false,
                          "properties": {
                            "tehtava": {
                              "id": "urn:harja/urakka/sopimukset/0/sopimus/toteumakirjauskohteet/yksikkohintaiset/0/tehtava",
                              "type": "object",
                              "additionalProperties": false,
                              "required": true,
                              "properties": {
                                "id": {
                                  "id": "urn:harja/urakka/sopimukset/0/sopimus/toteumakirjauskohteet/yksikkohintaiset/0/tehtava/id",
                                  "type": "integer",
                                  "required": true
                                },
                                "selite": {
                                  "id": "urn:harja/urakka/sopimukset/0/sopimus/toteumakirjauskohteet/yksikkohintaiset/0/tehtava/selite",
                                  "type": "string"
                                },
                                "yksikko": {
                                  "id": "urn:harja/urakka/sopimukset/0/sopimus/toteumakirjauskohteet/kokonaishintaiset/0/tehtava/yksikko",
                                  "type": "string",
                                  "required": true
                                }
                              }
                            }
                          }
                        }
                      }
                    }
                  }
                }
              }
            }
          }
        },
        "materiaalit": {
          "id": "urn:harja/urakka/materiaalit",
          "type": "array",
          "maxItems": 100,
          "items": {
            "id": "urn:harja/urakka/materiaalit/0",
            "type": "object",
            "additionalProperties": false,
            "properties": {
              "materiaali": {
                "id": "urn:harja/urakka/materiaalit/0/materiaali",
                "type": "object",
                "additionalProperties": false,
                "properties": {
                  "nimi": {
                    "id": "urn:harja/urakka/materiaalit/0/materiaali/nimi",
                    "type": "string",
                    "required": true
                  },
                  "yksikko": {
                    "id": "urn:harja/urakka/materiaalit/0/materiaali/yksikko",
                    "type": "string",
                    "required": true
                  }
                }
              }
            }
          }
        }
      }
    }
  }
}