{
  "$schema": "http://json-schema.org/draft-03/schema#",
  "id": "urn:harja",
  "type": "object",
  "additionalProperties": false,
  "properties": {
    "sijainti": {
      "id": "urn:harja/sijainti",
      "type": "object",
      "required": true,
      "properties": {
        "tie": {
          "id": "urn:harja/sijainti/tie",
          "type": "object",
          "required": true,
          "properties": {
            "numero": {
              "id": "urn:harja/sijainti/tie/numero",
              "required": true,
              "type": "integer"
            },
            "nimi": {
              "id": "urn:harja/nimi",
              "type": "string",
              "required": false
            },
            "aet": {
              "id": "urn:harja/sijainti/tie/aet",
              "required": true,
              "type": "integer"
            },
            "aosa": {
              "id": "urn:harja/sijainti/tie/aosa",
              "required": true,
              "type": "integer"
            },
            "let": {
              "id": "urn:harja/sijainti/tie/let",
              "required": false,
              "type": "integer"
            },
            "losa": {
              "id": "urn:harja/sijainti/tie/losa",
              "required": false,
              "type": "integer"
            },
            "ajr": {
              "id": "urn:harja/sijainti/tie/ajr",
              "required": false,
              "type": "integer"
            },
            "puoli": {
              "id": "urn:harja/sijainti/tie/puoli",
              "required": false,
              "type": "integer"
            },
            "kaista": {
              "id": "urn:harja/kaista",
              "type": "integer"
            }
          },
          "additionalProperties": false
        }
      },
      "additionalProperties": false
    },
    "alkupvm": {
      "id": "urn:harja/alkupvm",
      "type": "string",
      "format": "date-time"
    },
    "loppupvm": {
      "id": "urn:harja/loppupvm",
      "type": "string",
      "format": "date-time"
    },
    "karttapvm": {
      "id": "urn:harja/karttapvm",
      "type": "string",
      "format": "date-time"
    },
    "kuntoluokitus": {
      "id": "urn:harja/kuntoluokitus",
      "type": "string"
    },
    "ely": {
      "id": "urn:harja/ely",
      "type": "integer"
    },
    "piiri": {
      "id": "urn:harja/piiri",
      "type": "integer"
    },
    "tierekisteriurakkakoodi": {
      "id": "urn:harja/piiri",
      "enum": [
        100,
        400,
        2062,
        3001,
        3002,
        3003,
        3004,
        3005,
        3006,
        4001,
        4002,
        4003,
        4004,
        4005,
        4006,
        4007,
        4008,
        4009,
        5001,
        5002,
        5003,
        6001,
        6002,
        9001
      ]
    },
    "tietolaji": {
      "id": "urn:harja/tietolaji",
      "type": "object",
      "required": true,
      "properties": {
        "tunniste": {
          "id": "urn:harja/tietolaji/tietolajitunniste",
          "type": "string",
          "required": true
        },
        "arvot": {
          "id": "urn:harja/tietolaji/arvot",
          "type": "object",
          "required": true
        }
      },
      "additionalProperties": false
    }
  }
}