{
  "$schema": "http://json-schema.org/draft-03/schema#",
  "id": "urn:harja",
  "type": "object",
  "additionalProperties": false,
  "properties": {
    "paivittaja": {
      "id": "urn:harja/lisaaVaruste/lisaaja",
      "type": "object",
      "$ref": "file:resources/api/schemas/entities/suorittaja.schema.json",
      "required": true
    },
    "paivitetty": {
      "id": "urn:harja/paivitetty",
      "type": "string",
      "format": "date-time",
      "additionalProperties": false,
      "required": true
    },
    "varuste": {
      "id": "urn:harja/tietue",
      "type": "object",
      "additionalProperties": false,
      "required": true,
      "properties": {
        "tunniste": {
          "id": "urn:harja/tunniste",
          "$ref": "file:resources/api/schemas/entities/tietueen-tunniste.schema.json",
          "required": true
        },
        "tilannepvm": {
          "id": "urn:harja/tilannepvm",
          "format": "date-time",
          "required": true
        },
        "tietue": {
          "id": "urn:harja/varusteet/0/varuste/tietue",
          "$ref": "file:resources/api/schemas/entities/varuste.schema.json",
          "required": true
        }
      }
    }
  }
}