{
  "$schema": "http://json-schema.org/draft-03/schema#",
  "id": "urn:harja",
  "type": "object",
  "additionalProperties": false,
  "properties": {
    "tunniste": {
      "id": "urn:harja/tunniste",
      "type": "string"
    },
    "tietolaji": {
      "id": "urn:harja/tietolaji",
      "type": "string",
      "required": true
    },
    "toimenpide": {
      "id": "urn:harja/toimenpide",
      "enum": [
        "lisatty",
        "paivitetty",
        "poistettu",
        "tarkastus"
      ],
      "required": true
    },
    "arvot": {
      "id": "urn:harja/arvot",
      "type": "string"
    },
    "karttapvm": {
      "id": "urn:harja/karttapvm",
      "type": "string",
      "format": "date-string"
    },
    "tilannepvm":{
      "id": "urn:harja/tilannepvm",
      "type": "date",
      "required": true
    },
    "sijainti": {
      "id": "urn:harja/sijainti",
      "type": "object",
      "additionalProperties": false,
      "$ref": "file:resources/api/schemas/entities/sijainti.schema.json",
      "required": true
    },
    "kuntoluokitus": {
      "id": "urn:harja/kuntoluokitus",
      "type": "integer"
    },
    "piiri": {
      "id": "urn:harja/piiri",
      "type": "integer"
    },
    "tierekisteriurakkakoodi": {
      "id": "urn:harja/piiri",
      "enum": [
        100,
        400,
        2062,
        3001,
        3002,
        3003,
        3004,
        3005,
        3006,
        4001,
        4002,
        4003,
        4004,
        4005,
        4006,
        4007,
        4008,
        4009,
        5001,
        5002,
        5003,
        6001,
        6002,
        9001
      ]
    }
  }
}