{
  "$schema": "http://json-schema.org/draft-03/schema#",
  "id": "urn:harja",
  "type": "object",
  "additionalProperties": false,
  "properties": {
    "tunniste": {
      "id": "urn:harja/tyyppi",
      "type": "string",
      "required": true
    },
    "tyyppi": {
      "id": "urn:harja/tyyppi",
      "type": "string",
      "required": true
    },
    "kuvaus": {
      "id": "urn:harja/kuvaus",
      "type": "string",
      "required": true
    },
    "huomiot": {
      "id": "urn:harja/huomiot",
      "type": "string",
      "required": true
    },
    "sijainti": {
      "id": "urn:harja/sijainti",
      "$ref": "file:resources/api/schemas/entities/sijainti.schema.json",
      "required": true
    }
  }
}