{
  "$schema": "http://json-schema.org/draft-03/schema#",
  "id": "urn:harja",
  "type": "object",
  "additionalProperties": false,
  "oneOf": [
    {
      "properties": {
        "lisatty": {
          "$ref": "file:resources/api/schemas/entities/varusteen-lisays.schema.json",
          "additionalProperties": false,
          "required": true
        },
        "paivitetty": {
          "$ref": "file:resources/api/schemas/entities/varusteen-paivitys.schema.json",
          "additionalProperties": false,
          "required": true
        },
        "poistettu": {
          "$ref": "file:resources/api/schemas/entities/varusteen-poisto.schema.json",
          "additionalProperties": false,
          "required": true
        },
        "tarkastettu": {
          "allOf": [
            {
              "properties": {
                "tunniste": {
                  "id": "urn:harja/tunniste",
                  "$ref": "file:resources/api/schemas/entities/tietueen-tunniste.schema.json",
                  "required": true
                }
              }
            },
            {
              "$ref": "file:resources/api/schemas/entities/varuste.schema.json"
            }
          ]
        }
      }
    }
  ]
}