{
  "$schema": "http://json-schema.org/draft-03/schema#",
  "id": "urn:harja",
  "type": "object",
  "additionalProperties": false,
  "properties": {
    "otsikko": {
      "id": "urn:harja/otsikko",
      "type": "object",
      "additionalProperties": false,
      "$ref": "file:resources/api/schemas/entities/otsikko.schema.json",
      "required": true
    },
    "poistettavat-paikkauskohteet": {
      "id": "urn:harja/poistettavat-paikkauskohteet",
      "type": "array",
      "maxItems": 200,
      "required": false,
      "items": {
        "type": "integer"
      }
    },
    "poistettavat-paikkaukset": {
      "id": "urn:harja/poistettavat-paikkaukset",
      "type": "array",
      "maxItems": 200,
      "required": false,
      "items": {
        "type": "integer"
      }
    },
    "poistettavat-paikkauskustannukset": {
      "id": "urn:harja/poistettavat-paikkauskustannukset",
      "type": "array",
      "maxItems": 200,
      "required": false,
      "items": {
        "type": "integer"
      }
    }
  }
}