{
  "$schema": "http://json-schema.org/draft-03/schema#",
  "id": "urn:harja",
  "type": "array",
  "maxItems": 100,
  "items": {
    "enum": [
      "asfaltointi",
      "auraus ja sohjonpoisto",
      "aurausviitoitus ja kinostimet",
      "harjaus",
      "huoltokierros",
      "jyrays",
      "kelintarkastus",
      "koneellinen niitto",
      "koneellinen vesakonraivaus",
      "kuumennus",
      "l- ja p-alueiden puhdistus",
      "liikennemerkkien puhdistus",
      "liik. opast. ja ohjausl. hoito seka reunapaalujen kun.pito",
      "liikenteen varmistaminen kelirikkokohteessa",
      "linjahiekoitus",
      "lumensiirto",
      "lumivallien madaltaminen",
      "muu",
      "muut valaistusurakoiden toimenpiteet",
      "ojitus",
      "paallysteiden juotostyot",
      "paallysteiden paikkaus",
      "paannejaan poisto",
      "palteen poisto",
      "palteen poisto kaiteen alta",
      "pinnan tasaus",
      "pistehiekoitus",
      "paallystetyn tien polynsidonta",
      "paallystetyn tien sorapientareen taytto",
      "reunapaalujen uusiminen",
      "roskien keruu",
      "ryhmavaihto",
      "sekoitus tai stabilointi",
      "siltojen puhdistus",
      "sohjo-ojien teko",
      "sorastus",
      "sorapientareen taytto",
      "sorateiden muokkaushoylays",
      "sorateiden polynsidonta",
      "sorateiden tasaus",
      "sulamisveden haittojen torjunta",
      "suolaus",
      "tiemerkinta",
      "tiestotarkastus",
      "tilaajan laadunvalvonta",
      "turvalaite"
    ]
  }
}
